Ticket_ID,Created_At,Channel,Response_Time_Minutes,Resolution_Time_Minutes,CSAT_Score,Issue_Type,Day,Month,Weekday,Daily_Ticket_Count,Channel_Code,Issue_Code,Resolution_Category,CSAT_Binary
T0001,21-02-2025,Live Agent,4,175,3,Ride Cancellation,21,2,Friday,13,1,5,Slow,0
T0002,15-01-2025,Live Agent,7,15,4,Lost Item,15,1,Wednesday,11,1,3,Fast,1
T0003,13-03-2025,Live Agent,8,162,4,Account Access,13,3,Thursday,9,1,0,Slow,1
T0004,02-03-2025,Live Agent,17,154,2,Lost Item,2,3,Sunday,12,1,3,Slow,0
T0005,21-01-2025,Chatbot,5,70,5,Lost Item,21,1,Tuesday,11,0,3,Slow,1
T0006,24-03-2025,Chatbot,7,21,4,Lost Item,24,3,Monday,5,0,3,Fast,1
T0007,28-03-2025,Live Agent,28,15,4,Driver Issue,28,3,Friday,10,1,2,Fast,1
T0008,16-03-2025,Live Agent,20,36,4,Payment Problem,16,3,Sunday,17,1,4,Medium,1
T0009,16-03-2025,Chatbot,29,145,3,Payment Problem,16,3,Sunday,17,0,4,Slow,0
T0010,29-03-2025,Chatbot,20,133,2,Account Access,29,3,Saturday,9,0,0,Slow,0
T0011,24-01-2025,Live Agent,4,115,4,Payment Problem,24,1,Friday,17,1,4,Slow,1
T0012,03-01-2025,Chatbot,28,102,5,Lost Item,3,1,Friday,14,0,3,Slow,1
T0013,22-01-2025,Live Agent,6,118,4,Driver Issue,22,1,Wednesday,8,1,2,Slow,1
T0014,22-02-2025,Live Agent,7,108,4,Lost Item,22,2,Saturday,12,1,3,Slow,1
T0015,02-01-2025,Live Agent,18,177,4,Driver Issue,2,1,Thursday,15,1,2,Slow,1
T0016,29-03-2025,Unknown,5,151,3,Lost Item,29,3,Saturday,9,2,3,Slow,0
T0017,30-01-2025,Chatbot,20,44,4,App Crash,30,1,Thursday,10,0,1,Medium,1
T0018,07-02-2025,Chatbot,29,93,5,App Crash,7,2,Friday,12,0,1,Slow,1
T0019,02-01-2025,Chatbot,3,65,2,Ride Cancellation,2,1,Thursday,15,0,5,Slow,0
T0020,05-03-2025,Chatbot,7,150,3,Lost Item,5,3,Wednesday,13,0,3,Slow,0
T0021,01-03-2025,Chatbot,27,58,3,Account Access,1,3,Saturday,13,0,0,Medium,0
T0022,21-01-2025,Chatbot,28,55,4,Payment Problem,21,1,Tuesday,11,0,4,Medium,1
T0023,02-02-2025,Chatbot,22,122,5,Ride Cancellation,2,2,Sunday,20,0,5,Slow,1
T0024,17-03-2025,Chatbot,14,145,2,Account Access,17,3,Monday,9,0,0,Slow,0
T0025,27-02-2025,Chatbot,7,52,4,App Crash,27,2,Thursday,15,0,1,Medium,1
T0026,22-01-2025,Chatbot,5,157,3,Lost Item,22,1,Wednesday,8,0,3,Slow,0
T0027,30-03-2025,Live Agent,29,133,5,Ride Cancellation,30,3,Sunday,14,1,5,Slow,1
T0028,18-02-2025,Live Agent,22,106,2,Lost Item,18,2,Tuesday,10,1,3,Slow,0
T0029,28-02-2025,Chatbot,5,99,4,App Crash,28,2,Friday,12,0,1,Slow,1
T0030,11-02-2025,Live Agent,23,48,4,Ride Cancellation,11,2,Tuesday,10,1,5,Medium,1
T0031,01-03-2025,Chatbot,2,94,4,App Crash,1,3,Saturday,13,0,1,Slow,1
T0032,21-03-2025,Live Agent,27,71,4,Driver Issue,21,3,Friday,8,1,2,Slow,1
T0033,15-01-2025,Chatbot,21,115,3,App Crash,15,1,Wednesday,11,0,1,Slow,0
T0034,03-03-2025,Live Agent,22,116,4,Lost Item,3,3,Monday,23,1,3,Slow,1
T0035,03-03-2025,Live Agent,6,63,3,Payment Problem,3,3,Monday,23,1,4,Slow,0
T0036,16-02-2025,Live Agent,15,135,3,Lost Item,16,2,Sunday,13,1,3,Slow,0
T0037,03-03-2025,Live Agent,21,18,4,Account Access,3,3,Monday,23,1,0,Fast,1
T0038,20-02-2025,Chatbot,10,97,3,Payment Problem,20,2,Thursday,15,0,4,Slow,0
T0039,24-02-2025,Chatbot,23,46,3,Driver Issue,24,2,Monday,8,0,2,Medium,0
T0040,05-03-2025,Live Agent,26,58,4,Ride Cancellation,5,3,Wednesday,13,1,5,Medium,1
T0041,03-01-2025,Chatbot,120,50,5,Ride Cancellation,3,1,Friday,14,0,5,Medium,1
T0042,20-02-2025,Live Agent,7,26,4,Payment Problem,20,2,Thursday,15,1,4,Fast,1
T0043,07-01-2025,Chatbot,5,97,2,Ride Cancellation,7,1,Tuesday,8,0,5,Slow,0
T0044,21-01-2025,Chatbot,1,30,2,App Crash,21,1,Tuesday,11,0,1,Fast,0
T0045,14-03-2025,Chatbot,13,60,5,Payment Problem,14,3,Friday,8,0,4,Medium,1
T0046,08-02-2025,Chatbot,21,0,3,Lost Item,8,2,Saturday,12,0,3,,0
T0047,18-01-2025,Live Agent,26,176,2,App Crash,18,1,Saturday,9,1,1,Slow,0
T0048,04-01-2025,Chatbot,18,50,4,App Crash,4,1,Saturday,13,0,1,Medium,1
T0049,30-03-2025,Chatbot,13,48,4,App Crash,30,3,Sunday,14,0,1,Medium,1
T0050,01-03-2025,Chatbot,21,150,4,Lost Item,1,3,Saturday,13,0,3,Slow,1
T0052,09-01-2025,Live Agent,18,156,1,Account Access,9,1,Thursday,13,1,0,Slow,0
T0053,31-03-2025,Chatbot,5,148,5,Ride Cancellation,31,3,Monday,21,0,5,Slow,1
T0054,22-02-2025,Chatbot,13,86,3,Payment Problem,22,2,Saturday,12,0,4,Slow,0
T0055,02-01-2025,Chatbot,4,136,4,Driver Issue,2,1,Thursday,15,0,2,Slow,1
T0056,10-05-2035,Live Agent,17,55,4,Payment Problem,10,5,Thursday,1,1,4,Medium,1
T0057,01-03-2025,Chatbot,3,54,4,Ride Cancellation,1,3,Saturday,13,0,5,Medium,1
T0058,12-03-2025,Live Agent,17,10,3,Lost Item,12,3,Wednesday,6,1,3,Fast,0
T0059,13-02-2025,Live Agent,28,177,3,App Crash,13,2,Thursday,12,1,1,Slow,0
T0060,08-01-2025,Chatbot,11,117,4,App Crash,8,1,Wednesday,15,0,1,Slow,1
T0061,16-02-2025,Chatbot,21,28,5,Lost Item,16,2,Sunday,13,0,3,Fast,1
T0062,04-02-2025,Chatbot,20,85,5,Driver Issue,4,2,Tuesday,12,0,2,Slow,1
T0063,19-03-2025,Chatbot,23,81,2,Driver Issue,19,3,Wednesday,9,0,2,Slow,0
T0064,22-03-2025,Live Agent,21,118,3,Payment Problem,22,3,Saturday,7,1,4,Slow,0
T0065,05-02-2025,Live Agent,26,21,5,Lost Item,5,2,Wednesday,13,1,3,Fast,1
T0066,19-02-2025,Chatbot,16,170,4,Driver Issue,19,2,Wednesday,11,0,2,Slow,1
T0067,04-01-2025,Chatbot,2,54,5,Lost Item,4,1,Saturday,13,0,3,Medium,1
T0068,02-01-2025,Chatbot,20,99,3,Ride Cancellation,2,1,Thursday,15,0,5,Slow,0
T0069,06-01-2025,Live Agent,16,112,4,App Crash,6,1,Monday,12,1,1,Slow,1
T0070,23-02-2025,Chatbot,28,17,4,App Crash,23,2,Sunday,12,0,1,Fast,1
T0071,04-01-2025,Chatbot,18,162,4,App Crash,4,1,Saturday,13,0,1,Slow,1
T0072,23-02-2025,Live Agent,8,100,4,Lost Item,23,2,Sunday,12,1,3,Slow,1
T0073,04-03-2025,Live Agent,3,96,1,Lost Item,4,3,Tuesday,14,1,3,Slow,0
T0074,18-01-2025,Chatbot,9,167,4,Payment Problem,18,1,Saturday,9,0,4,Slow,1
T0075,31-03-2025,Live Agent,29,93,3,App Crash,31,3,Monday,21,1,1,Slow,0
T0076,13-02-2025,Live Agent,20,91,4,Payment Problem,13,2,Thursday,12,1,4,Slow,1
T0077,03-02-2025,Chatbot,29,155,5,App Crash,3,2,Monday,11,0,1,Slow,1
T0078,15-03-2025,Chatbot,6,77,4,Payment Problem,15,3,Saturday,10,0,4,Slow,1
T0079,03-03-2025,Chatbot,10,170,5,Payment Problem,3,3,Monday,23,0,4,Slow,1
T0080,14-01-2025,Chatbot,21,136,3,Ride Cancellation,14,1,Tuesday,10,0,5,Slow,0
T0081,17-02-2025,Live Agent,10,173,4,Payment Problem,17,2,Monday,11,1,4,Slow,1
T0082,15-01-2025,Live Agent,13,91,5,Lost Item,15,1,Wednesday,11,1,3,Slow,1
T0083,13-03-2025,Chatbot,17,156,2,Payment Problem,13,3,Thursday,9,0,4,Slow,0
T0084,19-03-2025,Chatbot,9,165,1,App Crash,19,3,Wednesday,9,0,1,Slow,0
T0085,28-03-2025,Chatbot,17,177,4,Payment Problem,28,3,Friday,10,0,4,Slow,1
T0086,03-03-2025,Chatbot,24,93,2,Driver Issue,3,3,Monday,23,0,2,Slow,0
T0087,09-02-2025,Live Agent,9,122,4,Account Access,9,2,Sunday,9,1,0,Slow,1
T0088,26-03-2025,Chatbot,9,85,5,App Crash,26,3,Wednesday,8,0,1,Slow,1
T0089,21-03-2025,Chatbot,1,131,4,Driver Issue,21,3,Friday,8,0,2,Slow,1
T0090,23-03-2025,Chatbot,2,152,3,App Crash,23,3,Sunday,7,0,1,Slow,0
T0091,22-02-2025,Live Agent,28,50,4,Lost Item,22,2,Saturday,12,1,3,Medium,1
T0092,24-01-2025,Chatbot,16,176,4,Account Access,24,1,Friday,17,0,0,Slow,1
T0093,26-01-2025,Live Agent,29,11,1,Account Access,26,1,Sunday,12,1,0,Fast,0
T0094,30-03-2025,Chatbot,1,38,4,Lost Item,30,3,Sunday,14,0,3,Medium,1
T0095,01-03-2025,Live Agent,10,114,4,Account Access,1,3,Saturday,13,1,0,Slow,1
T0096,10-02-2025,Live Agent,18,60,4,Lost Item,10,2,Monday,5,1,3,Medium,1
T0097,29-01-2025,Chatbot,26,84,3,Driver Issue,29,1,Wednesday,8,0,2,Slow,0
T0098,15-01-2025,Chatbot,28,19,4,Ride Cancellation,15,1,Wednesday,11,0,5,Fast,1
T0099,14-02-2025,Live Agent,8,151,2,App Crash,14,2,Friday,10,1,1,Slow,0
T0100,06-03-2025,Live Agent,21,60,3,Lost Item,6,3,Thursday,9,1,3,Medium,0
T0101,30-03-2025,Chatbot,28,127,5,App Crash,30,3,Sunday,14,0,1,Slow,1
T0102,12-03-2025,Chatbot,11,130,4,Driver Issue,12,3,Wednesday,6,0,2,Slow,1
T0103,09-01-2025,Live Agent,23,48,1,Ride Cancellation,9,1,Thursday,13,1,5,Medium,0
T0104,29-03-2025,Chatbot,2,37,3,Driver Issue,29,3,Saturday,9,0,2,Medium,0
T0105,01-01-2025,Chatbot,8,12,3,Account Access,1,1,Wednesday,18,0,0,Fast,0
T0106,08-01-2025,Live Agent,27,93,3,App Crash,8,1,Wednesday,15,1,1,Slow,0
T0107,29-03-2025,Chatbot,22,164,3,Ride Cancellation,29,3,Saturday,9,0,5,Slow,0
T0108,04-03-2025,Chatbot,8,126,2,Account Access,4,3,Tuesday,14,0,0,Slow,0
T0109,11-01-2025,Chatbot,17,11,4,Ride Cancellation,11,1,Saturday,5,0,5,Fast,1
T0110,22-03-2025,Chatbot,15,102,4,Account Access,22,3,Saturday,7,0,0,Slow,1
T0111,08-01-2025,Chatbot,17,175,4,Driver Issue,8,1,Wednesday,15,0,2,Slow,1
T0112,04-02-2025,Live Agent,28,140,4,Lost Item,4,2,Tuesday,12,1,3,Slow,1
T0113,04-02-2025,Chatbot,23,153,2,App Crash,4,2,Tuesday,12,0,1,Slow,0
T0114,02-02-2025,Chatbot,24,103,5,Payment Problem,2,2,Sunday,20,0,4,Slow,1
T0115,05-01-2025,Chatbot,13,49,5,Payment Problem,5,1,Sunday,13,0,4,Medium,1
T0116,10-02-2025,Chatbot,19,11,5,Driver Issue,10,2,Monday,5,0,2,Fast,1
T0117,28-01-2025,Live Agent,5,90,5,App Crash,28,1,Tuesday,10,1,1,Slow,1
T0118,07-01-2025,Chatbot,12,178,5,App Crash,7,1,Tuesday,8,0,1,Slow,1
T0119,14-03-2025,Chatbot,1,21,4,Driver Issue,14,3,Friday,8,0,2,Fast,1
T0120,13-03-2025,Live Agent,23,172,3,App Crash,13,3,Thursday,9,1,1,Slow,0
T0121,12-01-2025,Chatbot,5,74,4,Lost Item,12,1,Sunday,14,0,3,Slow,1
T0122,03-02-2025,Chatbot,8,64,4,Driver Issue,3,2,Monday,11,0,2,Slow,1
T0123,02-02-2025,Chatbot,13,54,4,Lost Item,2,2,Sunday,20,0,3,Medium,1
T0124,17-02-2025,Chatbot,8,110,4,App Crash,17,2,Monday,11,0,1,Slow,1
T0125,23-01-2025,Chatbot,25,71,2,Driver Issue,23,1,Thursday,14,0,2,Slow,0
T0126,03-03-2025,Chatbot,23,58,4,App Crash,3,3,Monday,23,0,1,Medium,1
T0127,29-03-2025,Live Agent,11,136,5,Driver Issue,29,3,Saturday,9,1,2,Slow,1
T0128,06-02-2025,Chatbot,1,162,4,App Crash,6,2,Thursday,8,0,1,Slow,1
T0129,13-02-2025,Chatbot,13,32,4,Lost Item,13,2,Thursday,12,0,3,Medium,1
T0130,27-03-2025,Live Agent,19,161,3,Lost Item,27,3,Thursday,15,1,3,Slow,0
T0131,04-02-2025,Chatbot,24,47,4,App Crash,4,2,Tuesday,12,0,1,Medium,1
T0132,06-03-2025,Live Agent,3,37,5,Driver Issue,6,3,Thursday,9,1,2,Medium,1
T0133,16-02-2025,Chatbot,24,30,4,Payment Problem,16,2,Sunday,13,0,4,Fast,1
T0134,19-03-2025,Chatbot,17,116,5,Lost Item,19,3,Wednesday,9,0,3,Slow,1
T0135,03-01-2025,Live Agent,5,155,4,Lost Item,3,1,Friday,14,1,3,Slow,1
T0136,01-01-2025,Chatbot,20,173,4,Account Access,1,1,Wednesday,18,0,0,Slow,1
T0137,05-01-2025,Chatbot,21,108,3,Payment Problem,5,1,Sunday,13,0,4,Slow,0
T0138,31-03-2025,Chatbot,8,128,4,App Crash,31,3,Monday,21,0,1,Slow,1
T0139,14-01-2025,Chatbot,26,82,4,Driver Issue,14,1,Tuesday,10,0,2,Slow,1
T0140,27-01-2025,Live Agent,14,131,4,Account Access,27,1,Monday,11,1,0,Slow,1
T0141,09-01-2025,Chatbot,4,39,4,App Crash,9,1,Thursday,13,0,1,Medium,1
T0142,20-03-2025,Chatbot,11,117,5,Ride Cancellation,20,3,Thursday,8,0,5,Slow,1
T0143,15-01-2025,Chatbot,20,107,2,Lost Item,15,1,Wednesday,11,0,3,Slow,0
T0144,31-03-2025,Live Agent,15,41,5,Ride Cancellation,31,3,Monday,21,1,5,Medium,1
T0145,11-02-2025,Chatbot,19,165,3,Lost Item,11,2,Tuesday,10,0,3,Slow,0
T0146,18-03-2025,Live Agent,7,88,4,Lost Item,18,3,Tuesday,8,1,3,Slow,1
T0147,20-02-2025,Chatbot,19,50,1,Ride Cancellation,20,2,Thursday,15,0,5,Medium,0
T0148,04-03-2025,Live Agent,28,72,3,Ride Cancellation,4,3,Tuesday,14,1,5,Slow,0
T0149,21-02-2025,Live Agent,19,32,4,App Crash,21,2,Friday,13,1,1,Medium,1
T0150,04-01-2025,Live Agent,11,113,2,Account Access,4,1,Saturday,13,1,0,Slow,0
T0151,23-01-2025,Live Agent,26,84,4,Account Access,23,1,Thursday,14,1,0,Slow,1
T0152,15-01-2025,Chatbot,5,57,5,Ride Cancellation,15,1,Wednesday,11,0,5,Medium,1
T0153,12-02-2025,Chatbot,5,169,2,App Crash,12,2,Wednesday,5,0,1,Slow,0
T0154,29-01-2025,Chatbot,22,66,5,Account Access,29,1,Wednesday,8,0,0,Slow,1
T0155,05-02-2025,Chatbot,8,127,4,App Crash,5,2,Wednesday,13,0,1,Slow,1
T0156,13-01-2025,Chatbot,10,109,4,App Crash,13,1,Monday,11,0,1,Slow,1
T0157,01-02-2025,Chatbot,6,133,3,Lost Item,1,2,Saturday,12,0,3,Slow,0
T0158,12-03-2025,Chatbot,15,170,3,Account Access,12,3,Wednesday,6,0,0,Slow,0
T0159,28-02-2025,Chatbot,16,161,3,Account Access,28,2,Friday,12,0,0,Slow,0
T0160,27-03-2025,Live Agent,28,176,2,Lost Item,27,3,Thursday,15,1,3,Slow,0
T0161,28-01-2025,Chatbot,17,43,3,Ride Cancellation,28,1,Tuesday,10,0,5,Medium,0
T0162,07-03-2025,Live Agent,8,165,4,Lost Item,7,3,Friday,10,1,3,Slow,1
T0163,11-02-2025,Live Agent,8,174,5,Account Access,11,2,Tuesday,10,1,0,Slow,1
T0164,14-02-2025,Live Agent,25,16,5,Account Access,14,2,Friday,10,1,0,Fast,1
T0165,03-03-2025,Live Agent,9,174,4,Ride Cancellation,3,3,Monday,23,1,5,Slow,1
T0166,26-02-2025,Live Agent,2,65,2,Lost Item,26,2,Wednesday,10,1,3,Slow,0
T0167,06-01-2025,Live Agent,15,74,3,Driver Issue,6,1,Monday,12,1,2,Slow,0
T0168,28-01-2025,Live Agent,18,56,3,Driver Issue,28,1,Tuesday,10,1,2,Medium,0
T0169,28-01-2025,Chatbot,3,157,3,Ride Cancellation,28,1,Tuesday,10,0,5,Slow,0
T0170,13-02-2025,Chatbot,17,28,4,Lost Item,13,2,Thursday,12,0,3,Fast,1
T0171,25-03-2025,Chatbot,4,166,4,Lost Item,25,3,Tuesday,10,0,3,Slow,1
T0172,30-01-2025,Chatbot,4,155,4,App Crash,30,1,Thursday,10,0,1,Slow,1
T0173,03-03-2025,Live Agent,14,172,4,Account Access,3,3,Monday,23,1,0,Slow,1
T0174,16-03-2025,Live Agent,9,135,5,Payment Problem,16,3,Sunday,17,1,4,Slow,1
T0175,30-03-2025,Live Agent,9,148,5,Ride Cancellation,30,3,Sunday,14,1,5,Slow,1
T0176,03-03-2025,Chatbot,25,58,3,Payment Problem,3,3,Monday,23,0,4,Medium,0
T0177,01-01-2025,Live Agent,26,122,5,Payment Problem,1,1,Wednesday,18,1,4,Slow,1
T0178,27-01-2025,Live Agent,23,47,5,Ride Cancellation,27,1,Monday,11,1,5,Medium,1
T0179,03-03-2025,Live Agent,18,73,3,Lost Item,3,3,Monday,23,1,3,Slow,0
T0180,18-03-2025,Live Agent,10,78,4,Ride Cancellation,18,3,Tuesday,8,1,5,Slow,1
T0181,03-01-2025,Live Agent,21,145,4,Payment Problem,3,1,Friday,14,1,4,Slow,1
T0182,11-03-2025,Chatbot,4,171,5,Account Access,11,3,Tuesday,11,0,0,Slow,1
T0183,13-03-2025,Live Agent,12,125,5,Account Access,13,3,Thursday,9,1,0,Slow,1
T0184,27-01-2025,Chatbot,27,74,2,Account Access,27,1,Monday,11,0,0,Slow,0
T0185,09-01-2025,Chatbot,8,40,4,Lost Item,9,1,Thursday,13,0,3,Medium,1
T0186,03-03-2025,Live Agent,2,141,4,Driver Issue,3,3,Monday,23,1,2,Slow,1
T0187,06-02-2025,Chatbot,22,122,4,Ride Cancellation,6,2,Thursday,8,0,5,Slow,1
T0188,20-02-2025,Live Agent,13,118,3,Account Access,20,2,Thursday,15,1,0,Slow,0
T0189,13-02-2025,Chatbot,21,78,5,Ride Cancellation,13,2,Thursday,12,0,5,Slow,1
T0190,24-01-2025,Live Agent,16,167,4,Account Access,24,1,Friday,17,1,0,Slow,1
T0191,20-03-2025,Chatbot,28,129,5,Lost Item,20,3,Thursday,8,0,3,Slow,1
T0192,28-02-2025,Live Agent,2,97,5,Driver Issue,28,2,Friday,12,1,2,Slow,1
T0193,01-02-2025,Live Agent,11,76,4,Driver Issue,1,2,Saturday,12,1,2,Slow,1
T0194,29-03-2025,Chatbot,10,84,4,Account Access,29,3,Saturday,9,0,0,Slow,1
T0195,21-02-2025,Chatbot,15,54,4,Lost Item,21,2,Friday,13,0,3,Medium,1
T0196,03-03-2025,Live Agent,17,13,3,App Crash,3,3,Monday,23,1,1,Fast,0
T0197,27-02-2025,Chatbot,8,163,4,Ride Cancellation,27,2,Thursday,15,0,5,Slow,1
T0198,21-02-2025,Chatbot,18,164,3,Ride Cancellation,21,2,Friday,13,0,5,Slow,0
T0199,12-01-2025,Chatbot,23,116,4,Payment Problem,12,1,Sunday,14,0,4,Slow,1
T0200,08-02-2025,Chatbot,9,60,3,Lost Item,8,2,Saturday,12,0,3,Medium,0
T0201,02-01-2025,Live Agent,25,59,2,Payment Problem,2,1,Thursday,15,1,4,Medium,0
T0202,03-01-2025,Live Agent,8,15,3,Account Access,3,1,Friday,14,1,0,Fast,0
T0203,25-02-2025,Chatbot,27,68,1,Payment Problem,25,2,Tuesday,10,0,4,Slow,0
T0204,22-03-2025,Chatbot,14,134,4,Driver Issue,22,3,Saturday,7,0,2,Slow,1
T0205,28-02-2025,Live Agent,28,152,4,Ride Cancellation,28,2,Friday,12,1,5,Slow,1
T0206,02-01-2025,Chatbot,26,39,4,Payment Problem,2,1,Thursday,15,0,4,Medium,1
T0207,02-01-2025,Chatbot,25,179,3,Driver Issue,2,1,Thursday,15,0,2,Slow,0
T0208,23-02-2025,Live Agent,18,131,2,Lost Item,23,2,Sunday,12,1,3,Slow,0
T0209,28-03-2025,Live Agent,22,134,1,Payment Problem,28,3,Friday,10,1,4,Slow,0
T0210,01-01-2025,Live Agent,20,46,3,Account Access,1,1,Wednesday,18,1,0,Medium,0
T0211,19-01-2025,Live Agent,20,179,5,Account Access,19,1,Sunday,15,1,0,Slow,1
T0212,02-01-2025,Chatbot,21,133,3,Account Access,2,1,Thursday,15,0,0,Slow,0
T0213,22-02-2025,Live Agent,12,110,4,Ride Cancellation,22,2,Saturday,12,1,5,Slow,1
T0214,13-02-2025,Chatbot,19,44,2,Payment Problem,13,2,Thursday,12,0,4,Medium,0
T0215,31-03-2025,Chatbot,14,96,3,Lost Item,31,3,Monday,21,0,3,Slow,0
T0216,01-02-2025,Chatbot,17,143,4,Payment Problem,1,2,Saturday,12,0,4,Slow,1
T0217,11-03-2025,Chatbot,24,27,4,Ride Cancellation,11,3,Tuesday,11,0,5,Fast,1
T0218,01-02-2025,Live Agent,21,122,3,Driver Issue,1,2,Saturday,12,1,2,Slow,0
T0219,09-03-2025,Chatbot,3,38,2,Ride Cancellation,9,3,Sunday,6,0,5,Medium,0
T0220,24-02-2025,Chatbot,26,86,4,Account Access,24,2,Monday,8,0,0,Slow,1
T0221,16-03-2025,Chatbot,23,68,3,Driver Issue,16,3,Sunday,17,0,2,Slow,0
T0222,25-02-2025,Chatbot,7,135,3,Account Access,25,2,Tuesday,10,0,0,Slow,0
T0223,17-01-2025,Live Agent,17,154,5,App Crash,17,1,Friday,16,1,1,Slow,1
T0224,07-02-2025,Chatbot,12,118,4,Ride Cancellation,7,2,Friday,12,0,5,Slow,1
T0225,24-01-2025,Live Agent,9,31,4,Ride Cancellation,24,1,Friday,17,1,5,Medium,1
T0226,10-03-2025,Chatbot,15,77,4,Lost Item,10,3,Monday,13,0,3,Slow,1
T0227,11-03-2025,Chatbot,18,78,4,Payment Problem,11,3,Tuesday,11,0,4,Slow,1
T0228,27-03-2025,Live Agent,21,174,4,Driver Issue,27,3,Thursday,15,1,2,Slow,1
T0229,11-01-2025,Chatbot,13,58,4,Driver Issue,11,1,Saturday,5,0,2,Medium,1
T0230,16-01-2025,Live Agent,21,150,4,Lost Item,16,1,Thursday,13,1,3,Slow,1
T0231,14-03-2025,Chatbot,8,171,3,Lost Item,14,3,Friday,8,0,3,Slow,0
T0232,28-02-2025,Chatbot,14,118,4,Payment Problem,28,2,Friday,12,0,4,Slow,1
T0233,11-03-2025,Live Agent,8,95,4,Account Access,11,3,Tuesday,11,1,0,Slow,1
T0234,21-03-2025,Chatbot,14,62,5,Payment Problem,21,3,Friday,8,0,4,Slow,1
T0235,03-01-2025,Chatbot,7,132,4,Ride Cancellation,3,1,Friday,14,0,5,Slow,1
T0236,20-01-2025,Live Agent,23,96,4,Account Access,20,1,Monday,8,1,0,Slow,1
T0237,28-02-2025,Chatbot,12,140,2,App Crash,28,2,Friday,12,0,1,Slow,0
T0238,05-02-2025,Live Agent,11,51,4,Payment Problem,5,2,Wednesday,13,1,4,Medium,1
T0239,19-01-2025,Chatbot,22,107,2,Lost Item,19,1,Sunday,15,0,3,Slow,0
T0240,31-03-2025,Live Agent,22,169,3,Account Access,31,3,Monday,21,1,0,Slow,0
T0241,08-03-2025,Live Agent,11,118,2,Payment Problem,8,3,Saturday,10,1,4,Slow,0
T0242,19-01-2025,Live Agent,25,60,4,Driver Issue,19,1,Sunday,15,1,2,Medium,1
T0243,20-01-2025,Live Agent,22,94,3,App Crash,20,1,Monday,8,1,1,Slow,0
T0244,12-03-2025,Chatbot,28,136,4,Ride Cancellation,12,3,Wednesday,6,0,5,Slow,1
T0245,21-02-2025,Live Agent,29,30,5,Driver Issue,21,2,Friday,13,1,2,Fast,1
T0246,02-02-2025,Chatbot,13,53,3,Driver Issue,2,2,Sunday,20,0,2,Medium,0
T0247,09-02-2025,Chatbot,18,148,4,App Crash,9,2,Sunday,9,0,1,Slow,1
T0248,08-02-2025,Chatbot,2,112,4,Ride Cancellation,8,2,Saturday,12,0,5,Slow,1
T0249,23-03-2025,Chatbot,29,77,1,Lost Item,23,3,Sunday,7,0,3,Slow,0
T0250,01-01-2025,Chatbot,21,138,5,Account Access,1,1,Wednesday,18,0,0,Slow,1
T0251,11-01-2025,Live Agent,15,101,2,Ride Cancellation,11,1,Saturday,5,1,5,Slow,0
T0252,26-02-2025,Live Agent,20,33,4,Payment Problem,26,2,Wednesday,10,1,4,Medium,1
T0253,30-03-2025,Live Agent,27,134,4,Driver Issue,30,3,Sunday,14,1,2,Slow,1
T0254,19-02-2025,Chatbot,18,150,4,Payment Problem,19,2,Wednesday,11,0,4,Slow,1
T0255,23-01-2025,Live Agent,15,120,4,Lost Item,23,1,Thursday,14,1,3,Slow,1
T0256,31-01-2025,Chatbot,19,107,3,Payment Problem,31,1,Friday,4,0,4,Slow,0
T0257,11-02-2025,Chatbot,23,148,1,Ride Cancellation,11,2,Tuesday,10,0,5,Slow,0
T0258,07-01-2025,Chatbot,24,26,4,Payment Problem,7,1,Tuesday,8,0,4,Fast,1
T0259,16-01-2025,Chatbot,12,108,4,Lost Item,16,1,Thursday,13,0,3,Slow,1
T0260,31-03-2025,Live Agent,13,91,5,Lost Item,31,3,Monday,21,1,3,Slow,1
T0261,01-03-2025,Chatbot,22,113,5,Lost Item,1,3,Saturday,13,0,3,Slow,1
T0262,02-01-2025,Chatbot,11,161,5,Ride Cancellation,2,1,Thursday,15,0,5,Slow,1
T0263,01-01-2025,Chatbot,5,28,4,Lost Item,1,1,Wednesday,18,0,3,Fast,1
T0264,17-02-2025,Chatbot,29,174,3,Driver Issue,17,2,Monday,11,0,2,Slow,0
T0265,12-01-2025,Chatbot,1,94,5,Lost Item,12,1,Sunday,14,0,3,Slow,1
T0266,10-03-2025,Live Agent,24,17,4,Payment Problem,10,3,Monday,13,1,4,Fast,1
T0267,06-02-2025,Chatbot,3,37,3,Account Access,6,2,Thursday,8,0,0,Medium,0
T0268,01-02-2025,Chatbot,22,14,5,Payment Problem,1,2,Saturday,12,0,4,Fast,1
T0269,09-01-2025,Chatbot,19,154,5,Account Access,9,1,Thursday,13,0,0,Slow,1
T0270,19-01-2025,Live Agent,23,110,4,Payment Problem,19,1,Sunday,15,1,4,Slow,1
T0271,17-02-2025,Live Agent,29,173,2,Ride Cancellation,17,2,Monday,11,1,5,Slow,0
T0272,21-03-2025,Live Agent,7,127,4,Payment Problem,21,3,Friday,8,1,4,Slow,1
T0273,03-01-2025,Live Agent,12,156,5,Ride Cancellation,3,1,Friday,14,1,5,Slow,1
T0274,20-01-2025,Chatbot,15,73,5,Ride Cancellation,20,1,Monday,8,0,5,Slow,1
T0275,24-01-2025,Chatbot,25,100,3,Lost Item,24,1,Friday,17,0,3,Slow,0
T0276,23-02-2025,Live Agent,5,126,2,Driver Issue,23,2,Sunday,12,1,2,Slow,0
T0277,02-02-2025,Live Agent,15,107,5,Account Access,2,2,Sunday,20,1,0,Slow,1
T0278,24-01-2025,Live Agent,8,20,4,Lost Item,24,1,Friday,17,1,3,Fast,1
T0279,16-03-2025,Live Agent,10,63,4,Lost Item,16,3,Sunday,17,1,3,Slow,1
T0280,13-03-2025,Live Agent,26,56,5,Ride Cancellation,13,3,Thursday,9,1,5,Medium,1
T0281,05-02-2025,Live Agent,16,149,2,Ride Cancellation,5,2,Wednesday,13,1,5,Slow,0
T0282,07-02-2025,Live Agent,8,158,4,Account Access,7,2,Friday,12,1,0,Slow,1
T0283,25-03-2025,Live Agent,1,148,2,Payment Problem,25,3,Tuesday,10,1,4,Slow,0
T0284,30-03-2025,Live Agent,12,14,4,Payment Problem,30,3,Sunday,14,1,4,Fast,1
T0285,25-01-2025,Live Agent,5,29,5,Lost Item,25,1,Saturday,10,1,3,Fast,1
T0286,18-01-2025,Chatbot,3,178,4,App Crash,18,1,Saturday,9,0,1,Slow,1
T0287,23-03-2025,Live Agent,1,55,5,App Crash,23,3,Sunday,7,1,1,Medium,1
T0288,07-03-2025,Chatbot,4,21,4,Payment Problem,7,3,Friday,10,0,4,Fast,1
T0289,23-02-2025,Chatbot,8,79,3,App Crash,23,2,Sunday,12,0,1,Slow,0
T0290,04-02-2025,Live Agent,3,26,3,Payment Problem,4,2,Tuesday,12,1,4,Fast,0
T0291,21-03-2025,Chatbot,10,124,4,Ride Cancellation,21,3,Friday,8,0,5,Slow,1
T0292,02-03-2025,Chatbot,2,156,4,Lost Item,2,3,Sunday,12,0,3,Slow,1
T0293,10-02-2025,Chatbot,11,163,2,Driver Issue,10,2,Monday,5,0,2,Slow,0
T0294,02-02-2025,Chatbot,25,57,4,Lost Item,2,2,Sunday,20,0,3,Medium,1
T0295,09-03-2025,Live Agent,10,117,4,Payment Problem,9,3,Sunday,6,1,4,Slow,1
T0296,02-02-2025,Chatbot,21,61,4,Payment Problem,2,2,Sunday,20,0,4,Slow,1
T0297,14-01-2025,Chatbot,14,105,4,Lost Item,14,1,Tuesday,10,0,3,Slow,1
T0298,21-01-2025,Chatbot,7,79,4,Account Access,21,1,Tuesday,11,0,0,Slow,1
T0299,17-02-2025,Live Agent,27,111,1,Payment Problem,17,2,Monday,11,1,4,Slow,0
T0300,20-01-2025,Live Agent,27,84,3,App Crash,20,1,Monday,8,1,1,Slow,0
T0301,08-01-2025,Chatbot,2,170,4,App Crash,8,1,Wednesday,15,0,1,Slow,1
T0302,07-01-2025,Chatbot,9,160,4,Payment Problem,7,1,Tuesday,8,0,4,Slow,1
T0303,08-03-2025,Chatbot,16,152,1,Payment Problem,8,3,Saturday,10,0,4,Slow,0
T0304,17-01-2025,Live Agent,13,164,5,Account Access,17,1,Friday,16,1,0,Slow,1
T0305,02-02-2025,Live Agent,9,91,5,App Crash,2,2,Sunday,20,1,1,Slow,1
T0306,17-02-2025,Chatbot,20,101,4,Payment Problem,17,2,Monday,11,0,4,Slow,1
T0307,17-03-2025,Chatbot,4,13,2,Payment Problem,17,3,Monday,9,0,4,Fast,0
T0308,28-02-2025,Chatbot,22,144,5,Account Access,28,2,Friday,12,0,0,Slow,1
T0309,27-03-2025,Live Agent,10,118,4,Account Access,27,3,Thursday,15,1,0,Slow,1
T0310,22-01-2025,Chatbot,26,172,5,Lost Item,22,1,Wednesday,8,0,3,Slow,1
T0311,30-01-2025,Chatbot,26,57,5,Account Access,30,1,Thursday,10,0,0,Medium,1
T0312,07-02-2025,Chatbot,22,82,5,Driver Issue,7,2,Friday,12,0,2,Slow,1
T0313,20-02-2025,Chatbot,12,81,4,App Crash,20,2,Thursday,15,0,1,Slow,1
T0314,23-02-2025,Live Agent,17,125,2,Lost Item,23,2,Sunday,12,1,3,Slow,0
T0315,08-01-2025,Chatbot,14,90,4,Driver Issue,8,1,Wednesday,15,0,2,Slow,1
T0316,27-01-2025,Live Agent,14,90,4,Payment Problem,27,1,Monday,11,1,4,Slow,1
T0317,27-01-2025,Live Agent,25,122,4,Payment Problem,27,1,Monday,11,1,4,Slow,1
T0318,21-01-2025,Chatbot,2,105,3,Lost Item,21,1,Tuesday,11,0,3,Slow,0
T0319,30-01-2025,Chatbot,21,81,3,Account Access,30,1,Thursday,10,0,0,Slow,0
T0320,28-01-2025,Live Agent,25,156,5,Payment Problem,28,1,Tuesday,10,1,4,Slow,1
T0321,05-03-2025,Chatbot,20,72,4,Ride Cancellation,5,3,Wednesday,13,0,5,Slow,1
T0322,10-03-2025,Chatbot,11,47,5,Lost Item,10,3,Monday,13,0,3,Medium,1
T0323,02-03-2025,Live Agent,16,76,5,Driver Issue,2,3,Sunday,12,1,2,Slow,1
T0324,17-02-2025,Chatbot,19,78,4,Lost Item,17,2,Monday,11,0,3,Slow,1
T0325,19-01-2025,Chatbot,23,22,4,App Crash,19,1,Sunday,15,0,1,Fast,1
T0326,04-01-2025,Chatbot,6,40,5,Account Access,4,1,Saturday,13,0,0,Medium,1
T0327,04-02-2025,Live Agent,24,123,4,Account Access,4,2,Tuesday,12,1,0,Slow,1
T0328,05-03-2025,Chatbot,19,31,4,Lost Item,5,3,Wednesday,13,0,3,Medium,1
T0329,18-02-2025,Chatbot,5,102,3,Payment Problem,18,2,Tuesday,10,0,4,Slow,0
T0330,17-01-2025,Chatbot,26,76,4,Payment Problem,17,1,Friday,16,0,4,Slow,1
T0331,13-02-2025,Chatbot,4,63,4,Ride Cancellation,13,2,Thursday,12,0,5,Slow,1
T0332,30-01-2025,Chatbot,15,147,3,Ride Cancellation,30,1,Thursday,10,0,5,Slow,0
T0333,15-02-2025,Chatbot,29,51,3,Account Access,15,2,Saturday,7,0,0,Medium,0
T0334,06-01-2025,Chatbot,4,73,3,Ride Cancellation,6,1,Monday,12,0,5,Slow,0
T0335,06-02-2025,Chatbot,20,135,3,Driver Issue,6,2,Thursday,8,0,2,Slow,0
T0336,24-01-2025,Chatbot,10,30,3,Ride Cancellation,24,1,Friday,17,0,5,Fast,0
T0337,15-02-2025,Chatbot,24,178,4,Driver Issue,15,2,Saturday,7,0,2,Slow,1
T0338,22-02-2025,Chatbot,22,161,5,Ride Cancellation,22,2,Saturday,12,0,5,Slow,1
T0339,01-03-2025,Chatbot,3,44,4,Account Access,1,3,Saturday,13,0,0,Medium,1
T0340,04-03-2025,Live Agent,26,39,3,Account Access,4,3,Tuesday,14,1,0,Medium,0
T0341,26-03-2025,Chatbot,5,66,2,Driver Issue,26,3,Wednesday,8,0,2,Slow,0
T0342,01-02-2025,Chatbot,6,56,4,Lost Item,1,2,Saturday,12,0,3,Medium,1
T0343,28-03-2025,Chatbot,21,172,4,Account Access,28,3,Friday,10,0,0,Slow,1
T0344,02-02-2025,Live Agent,22,28,5,Lost Item,2,2,Sunday,20,1,3,Fast,1
T0345,08-03-2025,Live Agent,8,123,4,Payment Problem,8,3,Saturday,10,1,4,Slow,1
T0346,18-01-2025,Chatbot,7,17,5,Driver Issue,18,1,Saturday,9,0,2,Fast,1
T0347,25-01-2025,Chatbot,21,35,3,Account Access,25,1,Saturday,10,0,0,Medium,0
T0348,23-02-2025,Live Agent,10,122,4,App Crash,23,2,Sunday,12,1,1,Slow,1
T0349,27-02-2025,Chatbot,6,80,3,Payment Problem,27,2,Thursday,15,0,4,Slow,0
T0350,08-03-2025,Chatbot,14,39,5,Lost Item,8,3,Saturday,10,0,3,Medium,1
T0351,15-02-2025,Chatbot,4,144,4,Account Access,15,2,Saturday,7,0,0,Slow,1
T0352,24-01-2025,Chatbot,28,76,3,Driver Issue,24,1,Friday,17,0,2,Slow,0
T0353,01-02-2025,Live Agent,25,74,3,Ride Cancellation,1,2,Saturday,12,1,5,Slow,0
T0354,16-02-2025,Live Agent,13,45,3,App Crash,16,2,Sunday,13,1,1,Medium,0
T0355,27-03-2025,Chatbot,20,34,4,Lost Item,27,3,Thursday,15,0,3,Medium,1
T0356,23-01-2025,Chatbot,17,46,3,Payment Problem,23,1,Thursday,14,0,4,Medium,0
T0357,07-03-2025,Live Agent,23,10,4,Driver Issue,7,3,Friday,10,1,2,Fast,1
T0358,27-01-2025,Live Agent,7,152,3,App Crash,27,1,Monday,11,1,1,Slow,0
T0359,02-01-2025,Live Agent,4,46,4,Driver Issue,2,1,Thursday,15,1,2,Medium,1
T0360,31-03-2025,Live Agent,29,150,5,Account Access,31,3,Monday,21,1,0,Slow,1
T0361,17-01-2025,Live Agent,14,145,5,Ride Cancellation,17,1,Friday,16,1,5,Slow,1
T0362,02-02-2025,Live Agent,3,142,5,Payment Problem,2,2,Sunday,20,1,4,Slow,1
T0363,09-01-2025,Chatbot,24,137,3,Driver Issue,9,1,Thursday,13,0,2,Slow,0
T0364,12-02-2025,Chatbot,5,136,2,Lost Item,12,2,Wednesday,5,0,3,Slow,0
T0365,17-02-2025,Live Agent,16,10,4,Account Access,17,2,Monday,11,1,0,Fast,1
T0366,08-02-2025,Chatbot,26,173,4,Account Access,8,2,Saturday,12,0,0,Slow,1
T0367,11-02-2025,Live Agent,23,44,4,Payment Problem,11,2,Tuesday,10,1,4,Medium,1
T0368,26-01-2025,Chatbot,20,113,1,Account Access,26,1,Sunday,12,0,0,Slow,0
T0369,19-02-2025,Chatbot,4,32,3,Lost Item,19,2,Wednesday,11,0,3,Medium,0
T0370,25-01-2025,Chatbot,24,18,1,Driver Issue,25,1,Saturday,10,0,2,Fast,0
T0371,24-01-2025,Chatbot,24,43,5,Payment Problem,24,1,Friday,17,0,4,Medium,1
T0372,13-01-2025,Live Agent,2,137,3,Account Access,13,1,Monday,11,1,0,Slow,0
T0373,01-03-2025,Live Agent,18,13,4,Account Access,1,3,Saturday,13,1,0,Fast,1
T0374,07-01-2025,Live Agent,19,167,1,Lost Item,7,1,Tuesday,8,1,3,Slow,0
T0375,26-02-2025,Live Agent,28,111,4,Ride Cancellation,26,2,Wednesday,10,1,5,Slow,1
T0376,05-02-2025,Chatbot,28,84,3,Ride Cancellation,5,2,Wednesday,13,0,5,Slow,0
T0377,14-02-2025,Chatbot,19,108,5,Account Access,14,2,Friday,10,0,0,Slow,1
T0378,20-01-2025,Chatbot,17,81,5,Driver Issue,20,1,Monday,8,0,2,Slow,1
T0379,06-03-2025,Chatbot,14,12,3,Payment Problem,6,3,Thursday,9,0,4,Fast,0
T0380,08-01-2025,Chatbot,19,151,5,Account Access,8,1,Wednesday,15,0,0,Slow,1
T0381,16-01-2025,Chatbot,22,43,5,App Crash,16,1,Thursday,13,0,1,Medium,1
T0382,14-01-2025,Chatbot,24,54,5,Payment Problem,14,1,Tuesday,10,0,4,Medium,1
T0383,17-03-2025,Live Agent,13,70,5,Ride Cancellation,17,3,Monday,9,1,5,Slow,1
T0384,28-03-2025,Live Agent,12,92,3,Account Access,28,3,Friday,10,1,0,Slow,0
T0385,15-01-2025,Chatbot,26,132,4,Lost Item,15,1,Wednesday,11,0,3,Slow,1
T0386,07-03-2025,Live Agent,6,111,2,App Crash,7,3,Friday,10,1,1,Slow,0
T0387,01-02-2025,Live Agent,21,25,2,Account Access,1,2,Saturday,12,1,0,Fast,0
T0388,28-03-2025,Chatbot,4,75,5,Driver Issue,28,3,Friday,10,0,2,Slow,1
T0389,04-03-2025,Live Agent,19,177,3,App Crash,4,3,Tuesday,14,1,1,Slow,0
T0390,27-03-2025,Live Agent,16,154,4,Account Access,27,3,Thursday,15,1,0,Slow,1
T0391,20-02-2025,Chatbot,13,128,5,Driver Issue,20,2,Thursday,15,0,2,Slow,1
T0392,25-01-2025,Chatbot,4,171,5,App Crash,25,1,Saturday,10,0,1,Slow,1
T0393,27-02-2025,Chatbot,23,133,5,Driver Issue,27,2,Thursday,15,0,2,Slow,1
T0394,04-03-2025,Chatbot,17,153,3,Driver Issue,4,3,Tuesday,14,0,2,Slow,0
T0395,03-03-2025,Chatbot,23,111,1,App Crash,3,3,Monday,23,0,1,Slow,0
T0396,22-01-2025,Live Agent,1,75,4,App Crash,22,1,Wednesday,8,1,1,Slow,1
T0397,27-02-2025,Chatbot,18,22,2,Driver Issue,27,2,Thursday,15,0,2,Fast,0
T0398,27-02-2025,Chatbot,20,120,1,Ride Cancellation,27,2,Thursday,15,0,5,Slow,0
T0399,27-03-2025,Live Agent,17,168,4,App Crash,27,3,Thursday,15,1,1,Slow,1
T0400,18-02-2025,Live Agent,27,43,5,Account Access,18,2,Tuesday,10,1,0,Medium,1
T0401,21-02-2025,Chatbot,28,48,4,Payment Problem,21,2,Friday,13,0,4,Medium,1
T0402,11-02-2025,Chatbot,27,145,3,Lost Item,11,2,Tuesday,10,0,3,Slow,0
T0403,11-03-2025,Chatbot,15,129,4,Driver Issue,11,3,Tuesday,11,0,2,Slow,1
T0404,15-01-2025,Live Agent,11,135,3,Driver Issue,15,1,Wednesday,11,1,2,Slow,0
T0405,23-02-2025,Chatbot,25,64,1,Lost Item,23,2,Sunday,12,0,3,Slow,0
T0406,01-03-2025,Chatbot,28,36,5,Ride Cancellation,1,3,Saturday,13,0,5,Medium,1
T0407,08-01-2025,Live Agent,22,127,4,Lost Item,8,1,Wednesday,15,1,3,Slow,1
T0408,22-02-2025,Chatbot,13,62,5,App Crash,22,2,Saturday,12,0,1,Slow,1
T0409,01-03-2025,Live Agent,1,48,1,Lost Item,1,3,Saturday,13,1,3,Medium,0
T0410,05-01-2025,Live Agent,17,74,5,Driver Issue,5,1,Sunday,13,1,2,Slow,1
T0411,09-03-2025,Chatbot,6,154,4,Lost Item,9,3,Sunday,6,0,3,Slow,1
T0412,06-01-2025,Live Agent,4,167,4,Payment Problem,6,1,Monday,12,1,4,Slow,1
T0413,16-02-2025,Chatbot,20,22,4,Account Access,16,2,Sunday,13,0,0,Fast,1
T0414,24-02-2025,Live Agent,16,30,5,App Crash,24,2,Monday,8,1,1,Fast,1
T0415,09-02-2025,Chatbot,15,156,4,Lost Item,9,2,Sunday,9,0,3,Slow,1
T0416,21-02-2025,Live Agent,27,62,4,Driver Issue,21,2,Friday,13,1,2,Slow,1
T0417,16-01-2025,Chatbot,15,28,5,Account Access,16,1,Thursday,13,0,0,Fast,1
T0418,13-01-2025,Live Agent,6,66,5,App Crash,13,1,Monday,11,1,1,Slow,1
T0419,30-01-2025,Live Agent,15,34,4,Driver Issue,30,1,Thursday,10,1,2,Medium,1
T0420,19-01-2025,Chatbot,14,40,4,Ride Cancellation,19,1,Sunday,15,0,5,Medium,1
T0421,17-01-2025,Live Agent,28,90,4,Payment Problem,17,1,Friday,16,1,4,Slow,1
T0422,04-03-2025,Chatbot,11,32,3,Ride Cancellation,4,3,Tuesday,14,0,5,Medium,0
T0423,19-01-2025,Chatbot,7,41,4,Payment Problem,19,1,Sunday,15,0,4,Medium,1
T0424,27-02-2025,Chatbot,9,83,5,Lost Item,27,2,Thursday,15,0,3,Slow,1
T0425,24-02-2025,Chatbot,26,19,5,App Crash,24,2,Monday,8,0,1,Fast,1
T0426,31-03-2025,Chatbot,16,63,3,Lost Item,31,3,Monday,21,0,3,Slow,0
T0427,31-03-2025,Live Agent,5,61,4,Payment Problem,31,3,Monday,21,1,4,Slow,1
T0428,03-03-2025,Chatbot,25,157,3,Payment Problem,3,3,Monday,23,0,4,Slow,0
T0429,23-01-2025,Live Agent,20,169,5,Payment Problem,23,1,Thursday,14,1,4,Slow,1
T0430,09-01-2025,Chatbot,29,123,5,Account Access,9,1,Thursday,13,0,0,Slow,1
T0431,12-01-2025,Live Agent,10,23,4,Driver Issue,12,1,Sunday,14,1,2,Fast,1
T0432,01-01-2025,Live Agent,18,165,5,App Crash,1,1,Wednesday,18,1,1,Slow,1
T0433,27-02-2025,Chatbot,3,119,4,Lost Item,27,2,Thursday,15,0,3,Slow,1
T0434,01-01-2025,Live Agent,13,62,4,Lost Item,1,1,Wednesday,18,1,3,Slow,1
T0435,03-02-2025,Chatbot,11,161,2,Ride Cancellation,3,2,Monday,11,0,5,Slow,0
T0436,17-02-2025,Live Agent,17,88,4,Payment Problem,17,2,Monday,11,1,4,Slow,1
T0437,30-03-2025,Chatbot,22,31,4,Payment Problem,30,3,Sunday,14,0,4,Medium,1
T0438,01-01-2025,Live Agent,13,39,4,Payment Problem,1,1,Wednesday,18,1,4,Medium,1
T0439,16-01-2025,Chatbot,6,13,4,Lost Item,16,1,Thursday,13,0,3,Fast,1
T0440,02-03-2025,Chatbot,17,68,5,Ride Cancellation,2,3,Sunday,12,0,5,Slow,1
T0441,05-03-2025,Live Agent,27,17,3,Driver Issue,5,3,Wednesday,13,1,2,Fast,0
T0442,04-03-2025,Chatbot,13,21,4,Account Access,4,3,Tuesday,14,0,0,Fast,1
T0443,10-03-2025,Chatbot,19,128,4,App Crash,10,3,Monday,13,0,1,Slow,1
T0444,22-01-2025,Chatbot,21,168,4,Driver Issue,22,1,Wednesday,8,0,2,Slow,1
T0445,08-03-2025,Chatbot,19,43,4,Lost Item,8,3,Saturday,10,0,3,Medium,1
T0446,17-03-2025,Chatbot,10,91,3,Account Access,17,3,Monday,9,0,0,Slow,0
T0447,26-01-2025,Chatbot,3,107,3,Account Access,26,1,Sunday,12,0,0,Slow,0
T0448,16-01-2025,Chatbot,14,136,4,Account Access,16,1,Thursday,13,0,0,Slow,1
T0449,20-02-2025,Chatbot,26,84,4,Payment Problem,20,2,Thursday,15,0,4,Slow,1
T0450,27-03-2025,Live Agent,19,114,3,App Crash,27,3,Thursday,15,1,1,Slow,0
T0451,26-02-2025,Chatbot,5,58,4,Lost Item,26,2,Wednesday,10,0,3,Medium,1
T0452,29-01-2025,Chatbot,29,88,4,Lost Item,29,1,Wednesday,8,0,3,Slow,1
T0453,19-03-2025,Chatbot,5,102,4,Account Access,19,3,Wednesday,9,0,0,Slow,1
T0454,10-03-2025,Chatbot,20,163,5,Lost Item,10,3,Monday,13,0,3,Slow,1
T0455,16-02-2025,Live Agent,17,27,3,App Crash,16,2,Sunday,13,1,1,Fast,0
T0456,03-03-2025,Chatbot,21,105,1,App Crash,3,3,Monday,23,0,1,Slow,0
T0457,10-03-2025,Chatbot,10,47,5,Ride Cancellation,10,3,Monday,13,0,5,Medium,1
T0458,17-03-2025,Live Agent,5,96,4,Ride Cancellation,17,3,Monday,9,1,5,Slow,1
T0459,16-01-2025,Live Agent,4,97,4,Driver Issue,16,1,Thursday,13,1,2,Slow,1
T0460,31-03-2025,Chatbot,6,59,5,App Crash,31,3,Monday,21,0,1,Medium,1
T0461,31-03-2025,Live Agent,26,17,5,App Crash,31,3,Monday,21,1,1,Fast,1
T0462,17-02-2025,Live Agent,4,178,5,App Crash,17,2,Monday,11,1,1,Slow,1
T0463,26-03-2025,Chatbot,7,143,4,Ride Cancellation,26,3,Wednesday,8,0,5,Slow,1
T0464,08-02-2025,Live Agent,7,78,4,Account Access,8,2,Saturday,12,1,0,Slow,1
T0465,02-02-2025,Live Agent,18,130,4,Account Access,2,2,Sunday,20,1,0,Slow,1
T0466,23-01-2025,Chatbot,3,73,3,Lost Item,23,1,Thursday,14,0,3,Slow,0
T0467,10-01-2025,Chatbot,1,166,4,Account Access,10,1,Friday,8,0,0,Slow,1
T0468,10-03-2025,Chatbot,24,165,3,Payment Problem,10,3,Monday,13,0,4,Slow,0
T0469,03-02-2025,Live Agent,25,148,5,Ride Cancellation,3,2,Monday,11,1,5,Slow,1
T0470,21-02-2025,Live Agent,4,130,4,App Crash,21,2,Friday,13,1,1,Slow,1
T0471,10-01-2025,Live Agent,6,74,4,Account Access,10,1,Friday,8,1,0,Slow,1
T0472,19-01-2025,Chatbot,9,116,4,Ride Cancellation,19,1,Sunday,15,0,5,Slow,1
T0473,27-02-2025,Live Agent,22,156,2,Account Access,27,2,Thursday,15,1,0,Slow,0
T0474,01-01-2025,Chatbot,14,146,1,Driver Issue,1,1,Wednesday,18,0,2,Slow,0
T0475,10-03-2025,Chatbot,28,164,4,App Crash,10,3,Monday,13,0,1,Slow,1
T0476,04-01-2025,Chatbot,12,171,2,Driver Issue,4,1,Saturday,13,0,2,Slow,0
T0477,16-01-2025,Live Agent,28,109,4,App Crash,16,1,Thursday,13,1,1,Slow,1
T0478,24-01-2025,Chatbot,25,91,5,Ride Cancellation,24,1,Friday,17,0,5,Slow,1
T0479,21-03-2025,Live Agent,20,152,5,Lost Item,21,3,Friday,8,1,3,Slow,1
T0480,02-01-2025,Chatbot,24,60,4,Account Access,2,1,Thursday,15,0,0,Medium,1
T0481,01-02-2025,Chatbot,25,150,3,Account Access,1,2,Saturday,12,0,0,Slow,0
T0482,25-03-2025,Chatbot,4,92,5,Payment Problem,25,3,Tuesday,10,0,4,Slow,1
T0483,24-01-2025,Chatbot,21,121,5,Driver Issue,24,1,Friday,17,0,2,Slow,1
T0484,12-01-2025,Live Agent,24,65,3,Account Access,12,1,Sunday,14,1,0,Slow,0
T0485,19-02-2025,Chatbot,12,174,4,Ride Cancellation,19,2,Wednesday,11,0,5,Slow,1
T0486,04-02-2025,Live Agent,10,154,3,Lost Item,4,2,Tuesday,12,1,3,Slow,0
T0487,02-02-2025,Chatbot,22,166,5,Ride Cancellation,2,2,Sunday,20,0,5,Slow,1
T0488,02-02-2025,Live Agent,28,170,5,Driver Issue,2,2,Sunday,20,1,2,Slow,1
T0489,02-03-2025,Chatbot,7,69,1,Payment Problem,2,3,Sunday,12,0,4,Slow,0
T0490,20-02-2025,Live Agent,3,129,5,Account Access,20,2,Thursday,15,1,0,Slow,1
T0491,12-02-2025,Live Agent,23,147,4,Ride Cancellation,12,2,Wednesday,5,1,5,Slow,1
T0492,12-01-2025,Chatbot,28,32,5,App Crash,12,1,Sunday,14,0,1,Medium,1
T0493,08-03-2025,Chatbot,14,158,4,Lost Item,8,3,Saturday,10,0,3,Slow,1
T0494,06-03-2025,Live Agent,24,22,5,Ride Cancellation,6,3,Thursday,9,1,5,Fast,1
T0495,02-02-2025,Live Agent,10,110,2,Lost Item,2,2,Sunday,20,1,3,Slow,0
T0496,09-02-2025,Chatbot,16,170,3,Account Access,9,2,Sunday,9,0,0,Slow,0
T0497,15-03-2025,Live Agent,16,33,2,App Crash,15,3,Saturday,10,1,1,Medium,0
T0498,12-02-2025,Live Agent,22,117,5,Payment Problem,12,2,Wednesday,5,1,4,Slow,1
T0499,13-02-2025,Live Agent,10,20,5,Payment Problem,13,2,Thursday,12,1,4,Fast,1
T0500,29-01-2025,Live Agent,25,26,5,App Crash,29,1,Wednesday,8,1,1,Fast,1
T0501,13-01-2025,Live Agent,13,34,5,Lost Item,13,1,Monday,11,1,3,Medium,1
T0502,12-01-2025,Chatbot,6,103,2,Account Access,12,1,Sunday,14,0,0,Slow,0
T0503,15-02-2025,Chatbot,12,30,4,Ride Cancellation,15,2,Saturday,7,0,5,Fast,1
T0504,02-01-2025,Chatbot,9,93,2,App Crash,2,1,Thursday,15,0,1,Slow,0
T0505,04-02-2025,Live Agent,13,149,3,Driver Issue,4,2,Tuesday,12,1,2,Slow,0
T0506,28-03-2025,Live Agent,4,46,3,Lost Item,28,3,Friday,10,1,3,Medium,0
T0507,22-03-2025,Chatbot,24,51,4,Payment Problem,22,3,Saturday,7,0,4,Medium,1
T0508,31-03-2025,Live Agent,11,154,3,App Crash,31,3,Monday,21,1,1,Slow,0
T0509,08-01-2025,Live Agent,20,110,2,Payment Problem,8,1,Wednesday,15,1,4,Slow,0
T0510,26-01-2025,Chatbot,18,57,3,Lost Item,26,1,Sunday,12,0,3,Medium,0
T0511,15-03-2025,Chatbot,26,112,2,Payment Problem,15,3,Saturday,10,0,4,Slow,0
T0512,31-03-2025,Chatbot,11,37,5,App Crash,31,3,Monday,21,0,1,Medium,1
T0513,03-02-2025,Chatbot,25,50,5,Lost Item,3,2,Monday,11,0,3,Medium,1
T0514,07-01-2025,Chatbot,21,108,5,Driver Issue,7,1,Tuesday,8,0,2,Slow,1
T0515,09-03-2025,Chatbot,4,56,4,App Crash,9,3,Sunday,6,0,1,Medium,1
T0516,27-02-2025,Chatbot,18,155,3,Ride Cancellation,27,2,Thursday,15,0,5,Slow,0
T0517,16-03-2025,Chatbot,1,114,5,Account Access,16,3,Sunday,17,0,0,Slow,1
T0518,29-01-2025,Chatbot,27,133,3,App Crash,29,1,Wednesday,8,0,1,Slow,0
T0519,05-02-2025,Chatbot,7,22,3,Lost Item,5,2,Wednesday,13,0,3,Fast,0
T0520,30-03-2025,Live Agent,6,150,3,Account Access,30,3,Sunday,14,1,0,Slow,0
T0521,21-01-2025,Chatbot,15,109,2,App Crash,21,1,Tuesday,11,0,1,Slow,0
T0522,05-02-2025,Live Agent,18,40,3,Driver Issue,5,2,Wednesday,13,1,2,Medium,0
T0523,10-01-2025,Live Agent,24,139,4,Driver Issue,10,1,Friday,8,1,2,Slow,1
T0524,14-03-2025,Chatbot,11,25,4,Ride Cancellation,14,3,Friday,8,0,5,Fast,1
T0525,24-01-2025,Chatbot,20,146,2,Payment Problem,24,1,Friday,17,0,4,Slow,0
T0526,05-03-2025,Chatbot,24,82,3,Account Access,5,3,Wednesday,13,0,0,Slow,0
T0527,18-02-2025,Chatbot,15,175,5,Lost Item,18,2,Tuesday,10,0,3,Slow,1
T0528,05-02-2025,Live Agent,16,63,2,Lost Item,5,2,Wednesday,13,1,3,Slow,0
T0529,23-03-2025,Chatbot,7,109,3,Payment Problem,23,3,Sunday,7,0,4,Slow,0
T0530,24-01-2025,Chatbot,21,118,5,Driver Issue,24,1,Friday,17,0,2,Slow,1
T0531,23-01-2025,Chatbot,10,96,3,Driver Issue,23,1,Thursday,14,0,2,Slow,0
T0532,03-03-2025,Chatbot,26,171,2,App Crash,3,3,Monday,23,0,1,Slow,0
T0533,06-02-2025,Live Agent,12,146,4,Ride Cancellation,6,2,Thursday,8,1,5,Slow,1
T0534,12-01-2025,Chatbot,24,17,3,Account Access,12,1,Sunday,14,0,0,Fast,0
T0535,24-02-2025,Chatbot,14,16,4,Ride Cancellation,24,2,Monday,8,0,5,Fast,1
T0536,13-01-2025,Chatbot,25,45,5,Ride Cancellation,13,1,Monday,11,0,5,Medium,1
T0537,23-01-2025,Live Agent,5,27,2,App Crash,23,1,Thursday,14,1,1,Fast,0
T0538,30-03-2025,Chatbot,26,12,4,Ride Cancellation,30,3,Sunday,14,0,5,Fast,1
T0539,30-01-2025,Chatbot,21,37,4,Payment Problem,30,1,Thursday,10,0,4,Medium,1
T0540,17-01-2025,Live Agent,18,79,2,App Crash,17,1,Friday,16,1,1,Slow,0
T0541,03-03-2025,Chatbot,5,158,4,Payment Problem,3,3,Monday,23,0,4,Slow,1
T0542,25-03-2025,Live Agent,3,37,3,App Crash,25,3,Tuesday,10,1,1,Medium,0
T0543,30-03-2025,Live Agent,23,63,4,Ride Cancellation,30,3,Sunday,14,1,5,Slow,1
T0544,27-03-2025,Live Agent,26,74,2,Payment Problem,27,3,Thursday,15,1,4,Slow,0
T0545,13-01-2025,Live Agent,5,109,4,Payment Problem,13,1,Monday,11,1,4,Slow,1
T0546,28-02-2025,Live Agent,24,30,3,Payment Problem,28,2,Friday,12,1,4,Fast,0
T0547,19-01-2025,Live Agent,17,22,5,App Crash,19,1,Sunday,15,1,1,Fast,1
T0548,18-02-2025,Live Agent,19,66,2,Lost Item,18,2,Tuesday,10,1,3,Slow,0
T0549,12-01-2025,Live Agent,19,58,4,Ride Cancellation,12,1,Sunday,14,1,5,Medium,1
T0550,02-03-2025,Chatbot,25,127,4,Payment Problem,2,3,Sunday,12,0,4,Slow,1
T0551,19-01-2025,Chatbot,21,63,4,Account Access,19,1,Sunday,15,0,0,Slow,1
T0552,17-03-2025,Chatbot,12,147,4,Lost Item,17,3,Monday,9,0,3,Slow,1
T0553,09-01-2025,Chatbot,25,62,4,Account Access,9,1,Thursday,13,0,0,Slow,1
T0554,12-03-2025,Chatbot,29,53,5,Ride Cancellation,12,3,Wednesday,6,0,5,Medium,1
T0555,28-01-2025,Chatbot,9,56,5,Ride Cancellation,28,1,Tuesday,10,0,5,Medium,1
T0556,19-03-2025,Chatbot,1,62,3,Payment Problem,19,3,Wednesday,9,0,4,Slow,0
T0557,21-02-2025,Live Agent,18,83,4,Payment Problem,21,2,Friday,13,1,4,Slow,1
T0558,24-03-2025,Live Agent,21,55,5,App Crash,24,3,Monday,5,1,1,Medium,1
T0559,16-01-2025,Chatbot,4,22,5,Lost Item,16,1,Thursday,13,0,3,Fast,1
T0560,10-03-2025,Chatbot,10,174,5,Lost Item,10,3,Monday,13,0,3,Slow,1
T0561,12-01-2025,Live Agent,25,111,4,Payment Problem,12,1,Sunday,14,1,4,Slow,1
T0562,25-01-2025,Chatbot,7,33,3,Ride Cancellation,25,1,Saturday,10,0,5,Medium,0
T0563,21-02-2025,Live Agent,22,11,4,Payment Problem,21,2,Friday,13,1,4,Fast,1
T0564,26-03-2025,Chatbot,23,90,4,Ride Cancellation,26,3,Wednesday,8,0,5,Slow,1
T0565,22-02-2025,Chatbot,1,109,4,Ride Cancellation,22,2,Saturday,12,0,5,Slow,1
T0566,23-01-2025,Live Agent,17,151,4,Payment Problem,23,1,Thursday,14,1,4,Slow,1
T0567,16-01-2025,Chatbot,24,147,5,Driver Issue,16,1,Thursday,13,0,2,Slow,1
T0568,26-02-2025,Live Agent,29,172,4,Lost Item,26,2,Wednesday,10,1,3,Slow,1
T0569,08-02-2025,Live Agent,29,162,5,Account Access,8,2,Saturday,12,1,0,Slow,1
T0570,22-02-2025,Chatbot,2,140,4,Ride Cancellation,22,2,Saturday,12,0,5,Slow,1
T0571,11-02-2025,Live Agent,28,120,3,Ride Cancellation,11,2,Tuesday,10,1,5,Slow,0
T0572,27-02-2025,Live Agent,26,111,4,Driver Issue,27,2,Thursday,15,1,2,Slow,1
T0573,08-02-2025,Chatbot,11,26,5,Account Access,8,2,Saturday,12,0,0,Fast,1
T0574,14-01-2025,Live Agent,9,21,2,App Crash,14,1,Tuesday,10,1,1,Fast,0
T0575,05-01-2025,Chatbot,7,125,3,Driver Issue,5,1,Sunday,13,0,2,Slow,0
T0576,04-02-2025,Live Agent,22,33,5,Account Access,4,2,Tuesday,12,1,0,Medium,1
T0577,28-03-2025,Live Agent,17,38,3,Driver Issue,28,3,Friday,10,1,2,Medium,0
T0578,16-03-2025,Chatbot,17,162,4,Ride Cancellation,16,3,Sunday,17,0,5,Slow,1
T0579,18-01-2025,Live Agent,2,131,4,Lost Item,18,1,Saturday,9,1,3,Slow,1
T0580,17-03-2025,Live Agent,6,99,4,Driver Issue,17,3,Monday,9,1,2,Slow,1
T0581,09-01-2025,Live Agent,14,74,4,App Crash,9,1,Thursday,13,1,1,Slow,1
T0582,15-03-2025,Live Agent,6,93,3,Payment Problem,15,3,Saturday,10,1,4,Slow,0
T0583,27-02-2025,Live Agent,2,128,4,Account Access,27,2,Thursday,15,1,0,Slow,1
T0584,17-01-2025,Chatbot,1,165,4,Driver Issue,17,1,Friday,16,0,2,Slow,1
T0585,07-01-2025,Live Agent,10,25,4,Driver Issue,7,1,Tuesday,8,1,2,Fast,1
T0586,15-02-2025,Chatbot,21,113,2,App Crash,15,2,Saturday,7,0,1,Slow,0
T0587,13-01-2025,Chatbot,5,101,4,Lost Item,13,1,Monday,11,0,3,Slow,1
T0588,09-02-2025,Live Agent,2,36,3,Driver Issue,9,2,Sunday,9,1,2,Medium,0
T0589,11-02-2025,Chatbot,22,179,3,Driver Issue,11,2,Tuesday,10,0,2,Slow,0
T0590,09-01-2025,Chatbot,16,171,3,Lost Item,9,1,Thursday,13,0,3,Slow,0
T0591,19-02-2025,Chatbot,25,174,3,App Crash,19,2,Wednesday,11,0,1,Slow,0
T0592,27-01-2025,Chatbot,2,143,5,Account Access,27,1,Monday,11,0,0,Slow,1
T0593,07-03-2025,Live Agent,10,144,3,Account Access,7,3,Friday,10,1,0,Slow,0
T0594,05-01-2025,Chatbot,2,162,5,Driver Issue,5,1,Sunday,13,0,2,Slow,1
T0595,29-01-2025,Live Agent,16,42,5,Lost Item,29,1,Wednesday,8,1,3,Medium,1
T0596,06-02-2025,Chatbot,16,64,4,Driver Issue,6,2,Thursday,8,0,2,Slow,1
T0597,07-02-2025,Live Agent,19,16,2,Payment Problem,7,2,Friday,12,1,4,Fast,0
T0598,24-03-2025,Chatbot,29,66,4,Account Access,24,3,Monday,5,0,0,Slow,1
T0599,08-01-2025,Chatbot,7,135,5,Ride Cancellation,8,1,Wednesday,15,0,5,Slow,1
T0600,06-03-2025,Live Agent,22,21,4,Payment Problem,6,3,Thursday,9,1,4,Fast,1
T0601,27-03-2025,Live Agent,12,25,2,Driver Issue,27,3,Thursday,15,1,2,Fast,0
T0602,17-01-2025,Chatbot,24,52,4,App Crash,17,1,Friday,16,0,1,Medium,1
T0603,12-03-2025,Chatbot,15,126,5,Account Access,12,3,Wednesday,6,0,0,Slow,1
T0604,30-03-2025,Chatbot,8,144,5,Ride Cancellation,30,3,Sunday,14,0,5,Slow,1
T0605,14-02-2025,Chatbot,6,120,3,Payment Problem,14,2,Friday,10,0,4,Slow,0
T0606,04-01-2025,Live Agent,28,60,4,Account Access,4,1,Saturday,13,1,0,Medium,1
T0607,05-02-2025,Chatbot,27,169,3,Lost Item,5,2,Wednesday,13,0,3,Slow,0
T0608,11-03-2025,Chatbot,10,84,3,App Crash,11,3,Tuesday,11,0,1,Slow,0
T0609,31-01-2025,Chatbot,3,17,5,Payment Problem,31,1,Friday,4,0,4,Fast,1
T0610,19-01-2025,Chatbot,19,54,3,Lost Item,19,1,Sunday,15,0,3,Medium,0
T0611,02-03-2025,Chatbot,17,68,3,Driver Issue,2,3,Sunday,12,0,2,Slow,0
T0612,23-02-2025,Chatbot,7,141,1,Lost Item,23,2,Sunday,12,0,3,Slow,0
T0613,08-02-2025,Chatbot,21,113,5,Payment Problem,8,2,Saturday,12,0,4,Slow,1
T0614,15-03-2025,Chatbot,20,166,5,Payment Problem,15,3,Saturday,10,0,4,Slow,1
T0615,31-03-2025,Live Agent,26,166,4,Driver Issue,31,3,Monday,21,1,2,Slow,1
T0616,19-01-2025,Chatbot,4,107,5,Lost Item,19,1,Sunday,15,0,3,Slow,1
T0617,08-02-2025,Live Agent,14,165,3,Lost Item,8,2,Saturday,12,1,3,Slow,0
T0618,08-03-2025,Chatbot,20,88,4,Driver Issue,8,3,Saturday,10,0,2,Slow,1
T0619,14-02-2025,Live Agent,22,133,4,Lost Item,14,2,Friday,10,1,3,Slow,1
T0620,13-01-2025,Live Agent,15,13,2,Account Access,13,1,Monday,11,1,0,Fast,0
T0621,27-02-2025,Live Agent,24,99,4,Driver Issue,27,2,Thursday,15,1,2,Slow,1
T0622,20-01-2025,Live Agent,8,113,5,App Crash,20,1,Monday,8,1,1,Slow,1
T0623,13-03-2025,Chatbot,21,146,1,Payment Problem,13,3,Thursday,9,0,4,Slow,0
T0624,02-03-2025,Chatbot,15,128,3,App Crash,2,3,Sunday,12,0,1,Slow,0
T0625,08-02-2025,Chatbot,22,142,3,Account Access,8,2,Saturday,12,0,0,Slow,0
T0626,01-01-2025,Chatbot,20,65,3,Account Access,1,1,Wednesday,18,0,0,Slow,0
T0627,03-01-2025,Chatbot,28,105,5,Ride Cancellation,3,1,Friday,14,0,5,Slow,1
T0628,18-03-2025,Chatbot,14,84,4,Ride Cancellation,18,3,Tuesday,8,0,5,Slow,1
T0629,03-03-2025,Live Agent,27,152,4,Ride Cancellation,3,3,Monday,23,1,5,Slow,1
T0630,04-03-2025,Chatbot,29,41,5,Driver Issue,4,3,Tuesday,14,0,2,Medium,1
T0631,25-01-2025,Live Agent,9,37,3,Lost Item,25,1,Saturday,10,1,3,Medium,0
T0632,25-02-2025,Live Agent,8,31,4,Account Access,25,2,Tuesday,10,1,0,Medium,1
T0633,02-02-2025,Live Agent,26,26,4,App Crash,2,2,Sunday,20,1,1,Fast,1
T0634,07-02-2025,Chatbot,28,68,4,App Crash,7,2,Friday,12,0,1,Slow,1
T0635,06-01-2025,Chatbot,26,99,5,App Crash,6,1,Monday,12,0,1,Slow,1
T0636,27-02-2025,Chatbot,17,115,5,App Crash,27,2,Thursday,15,0,1,Slow,1
T0637,13-02-2025,Chatbot,2,35,4,Ride Cancellation,13,2,Thursday,12,0,5,Medium,1
T0638,14-02-2025,Live Agent,25,34,5,App Crash,14,2,Friday,10,1,1,Medium,1
T0639,01-02-2025,Chatbot,24,147,3,Lost Item,1,2,Saturday,12,0,3,Slow,0
T0640,14-02-2025,Live Agent,3,54,1,Ride Cancellation,14,2,Friday,10,1,5,Medium,0
T0641,02-03-2025,Chatbot,8,92,3,App Crash,2,3,Sunday,12,0,1,Slow,0
T0642,16-02-2025,Live Agent,12,20,3,Driver Issue,16,2,Sunday,13,1,2,Fast,0
T0643,21-01-2025,Live Agent,1,113,4,Payment Problem,21,1,Tuesday,11,1,4,Slow,1
T0644,21-03-2025,Chatbot,10,77,4,Payment Problem,21,3,Friday,8,0,4,Slow,1
T0645,26-03-2025,Chatbot,20,104,5,Payment Problem,26,3,Wednesday,8,0,4,Slow,1
T0646,16-03-2025,Chatbot,3,165,4,Ride Cancellation,16,3,Sunday,17,0,5,Slow,1
T0647,05-02-2025,Chatbot,6,74,4,App Crash,5,2,Wednesday,13,0,1,Slow,1
T0648,19-01-2025,Chatbot,7,58,2,Account Access,19,1,Sunday,15,0,0,Medium,0
T0649,20-01-2025,Chatbot,20,61,1,Account Access,20,1,Monday,8,0,0,Slow,0
T0650,26-02-2025,Chatbot,23,111,4,Account Access,26,2,Wednesday,10,0,0,Slow,1
T0651,18-01-2025,Chatbot,25,66,4,Ride Cancellation,18,1,Saturday,9,0,5,Slow,1
T0652,16-02-2025,Chatbot,27,56,5,Lost Item,16,2,Sunday,13,0,3,Medium,1
T0653,18-02-2025,Live Agent,18,168,3,Driver Issue,18,2,Tuesday,10,1,2,Slow,0
T0654,14-01-2025,Chatbot,11,35,1,Driver Issue,14,1,Tuesday,10,0,2,Medium,0
T0655,15-01-2025,Live Agent,19,123,4,Payment Problem,15,1,Wednesday,11,1,4,Slow,1
T0656,31-01-2025,Chatbot,5,14,3,Payment Problem,31,1,Friday,4,0,4,Fast,0
T0657,01-01-2025,Chatbot,19,93,1,Account Access,1,1,Wednesday,18,0,0,Slow,0
T0658,23-02-2025,Live Agent,11,61,4,Account Access,23,2,Sunday,12,1,0,Slow,1
T0659,03-01-2025,Chatbot,24,114,2,Payment Problem,3,1,Friday,14,0,4,Slow,0
T0660,16-01-2025,Chatbot,12,63,4,App Crash,16,1,Thursday,13,0,1,Slow,1
T0661,28-03-2025,Chatbot,10,170,3,Lost Item,28,3,Friday,10,0,3,Slow,0
T0662,26-02-2025,Chatbot,8,175,3,Lost Item,26,2,Wednesday,10,0,3,Slow,0
T0663,16-03-2025,Chatbot,24,164,4,Lost Item,16,3,Sunday,17,0,3,Slow,1
T0664,12-01-2025,Chatbot,28,24,5,Lost Item,12,1,Sunday,14,0,3,Fast,1
T0665,15-03-2025,Live Agent,28,70,4,Payment Problem,15,3,Saturday,10,1,4,Slow,1
T0666,16-01-2025,Chatbot,9,131,5,Driver Issue,16,1,Thursday,13,0,2,Slow,1
T0667,13-03-2025,Chatbot,4,30,2,Payment Problem,13,3,Thursday,9,0,4,Fast,0
T0668,17-03-2025,Chatbot,5,55,5,Lost Item,17,3,Monday,9,0,3,Medium,1
T0669,24-01-2025,Live Agent,21,143,3,Payment Problem,24,1,Friday,17,1,4,Slow,0
T0670,28-01-2025,Chatbot,8,47,4,Lost Item,28,1,Tuesday,10,0,3,Medium,1
T0671,08-01-2025,Chatbot,23,71,4,Ride Cancellation,8,1,Wednesday,15,0,5,Slow,1
T0672,05-02-2025,Chatbot,9,95,5,Account Access,5,2,Wednesday,13,0,0,Slow,1
T0673,31-03-2025,Live Agent,15,87,4,Driver Issue,31,3,Monday,21,1,2,Slow,1
T0674,08-01-2025,Chatbot,15,55,2,Ride Cancellation,8,1,Wednesday,15,0,5,Medium,0
T0675,27-02-2025,Chatbot,16,150,1,App Crash,27,2,Thursday,15,0,1,Slow,0
T0676,01-03-2025,Chatbot,14,12,5,Payment Problem,1,3,Saturday,13,0,4,Fast,1
T0677,19-02-2025,Live Agent,8,15,4,App Crash,19,2,Wednesday,11,1,1,Fast,1
T0678,28-01-2025,Chatbot,18,102,5,Payment Problem,28,1,Tuesday,10,0,4,Slow,1
T0679,10-02-2025,Chatbot,10,17,3,Account Access,10,2,Monday,5,0,0,Fast,0
T0680,05-03-2025,Live Agent,28,117,3,Ride Cancellation,5,3,Wednesday,13,1,5,Slow,0
T0681,27-01-2025,Live Agent,20,170,1,Account Access,27,1,Monday,11,1,0,Slow,0
T0682,04-03-2025,Chatbot,6,84,5,Lost Item,4,3,Tuesday,14,0,3,Slow,1
T0683,17-01-2025,Live Agent,12,86,4,Account Access,17,1,Friday,16,1,0,Slow,1
T0684,14-03-2025,Chatbot,2,59,5,Account Access,14,3,Friday,8,0,0,Medium,1
T0685,02-02-2025,Chatbot,7,20,3,Lost Item,2,2,Sunday,20,0,3,Fast,0
T0686,25-03-2025,Chatbot,16,104,4,Payment Problem,25,3,Tuesday,10,0,4,Slow,1
T0687,18-03-2025,Live Agent,3,165,4,Lost Item,18,3,Tuesday,8,1,3,Slow,1
T0688,29-01-2025,Chatbot,13,79,3,Ride Cancellation,29,1,Wednesday,8,0,5,Slow,0
T0689,13-01-2025,Chatbot,3,178,5,Account Access,13,1,Monday,11,0,0,Slow,1
T0690,15-02-2025,Chatbot,27,25,5,Lost Item,15,2,Saturday,7,0,3,Fast,1
T0691,04-02-2025,Live Agent,18,77,5,Account Access,4,2,Tuesday,12,1,0,Slow,1
T0692,06-01-2025,Chatbot,11,108,4,Ride Cancellation,6,1,Monday,12,0,5,Slow,1
T0693,23-03-2025,Chatbot,8,57,3,App Crash,23,3,Sunday,7,0,1,Medium,0
T0694,10-03-2025,Chatbot,6,73,3,Ride Cancellation,10,3,Monday,13,0,5,Slow,0
T0695,16-02-2025,Chatbot,1,99,5,Driver Issue,16,2,Sunday,13,0,2,Slow,1
T0696,25-01-2025,Chatbot,28,85,1,Driver Issue,25,1,Saturday,10,0,2,Slow,0
T0697,07-03-2025,Live Agent,1,148,4,Driver Issue,7,3,Friday,10,1,2,Slow,1
T0698,10-01-2025,Chatbot,23,110,4,Account Access,10,1,Friday,8,0,0,Slow,1
T0699,25-02-2025,Chatbot,8,98,4,Payment Problem,25,2,Tuesday,10,0,4,Slow,1
T0700,30-01-2025,Live Agent,5,27,5,Payment Problem,30,1,Thursday,10,1,4,Fast,1
T0701,05-01-2025,Chatbot,28,28,3,Payment Problem,5,1,Sunday,13,0,4,Fast,0
T0702,02-02-2025,Chatbot,16,64,3,Account Access,2,2,Sunday,20,0,0,Slow,0
T0703,06-03-2025,Live Agent,11,111,2,Ride Cancellation,6,3,Thursday,9,1,5,Slow,0
T0704,18-01-2025,Chatbot,5,127,4,Payment Problem,18,1,Saturday,9,0,4,Slow,1
T0705,18-02-2025,Chatbot,4,163,3,App Crash,18,2,Tuesday,10,0,1,Slow,0
T0706,11-01-2025,Chatbot,6,143,3,Driver Issue,11,1,Saturday,5,0,2,Slow,0
T0707,26-03-2025,Chatbot,14,13,5,Ride Cancellation,26,3,Wednesday,8,0,5,Fast,1
T0708,26-01-2025,Chatbot,22,117,5,Driver Issue,26,1,Sunday,12,0,2,Slow,1
T0709,04-03-2025,Chatbot,19,124,3,Payment Problem,4,3,Tuesday,14,0,4,Slow,0
T0710,30-03-2025,Chatbot,9,38,4,Ride Cancellation,30,3,Sunday,14,0,5,Medium,1
T0711,27-03-2025,Chatbot,12,68,5,Lost Item,27,3,Thursday,15,0,3,Slow,1
T0712,28-02-2025,Live Agent,11,134,2,App Crash,28,2,Friday,12,1,1,Slow,0
T0713,27-01-2025,Live Agent,14,107,2,Payment Problem,27,1,Monday,11,1,4,Slow,0
T0714,18-02-2025,Chatbot,23,26,3,Payment Problem,18,2,Tuesday,10,0,4,Fast,0
T0715,18-03-2025,Chatbot,16,116,4,App Crash,18,3,Tuesday,8,0,1,Slow,1
T0716,02-02-2025,Live Agent,1,52,3,App Crash,2,2,Sunday,20,1,1,Medium,0
T0717,01-01-2025,Chatbot,13,89,5,Lost Item,1,1,Wednesday,18,0,3,Slow,1
T0718,21-01-2025,Chatbot,23,171,4,Payment Problem,21,1,Tuesday,11,0,4,Slow,1
T0719,24-02-2025,Live Agent,21,17,4,Account Access,24,2,Monday,8,1,0,Fast,1
T0720,06-01-2025,Chatbot,21,150,3,Payment Problem,6,1,Monday,12,0,4,Slow,0
T0721,22-03-2025,Live Agent,13,115,4,Driver Issue,22,3,Saturday,7,1,2,Slow,1
T0722,10-03-2025,Live Agent,2,17,4,Ride Cancellation,10,3,Monday,13,1,5,Fast,1
T0723,05-01-2025,Chatbot,4,105,5,Ride Cancellation,5,1,Sunday,13,0,5,Slow,1
T0724,03-01-2025,Chatbot,28,103,5,Driver Issue,3,1,Friday,14,0,2,Slow,1
T0725,22-02-2025,Chatbot,6,74,4,Ride Cancellation,22,2,Saturday,12,0,5,Slow,1
T0726,23-01-2025,Live Agent,26,48,5,App Crash,23,1,Thursday,14,1,1,Medium,1
T0727,22-02-2025,Live Agent,27,90,5,Ride Cancellation,22,2,Saturday,12,1,5,Slow,1
T0728,06-02-2025,Live Agent,23,93,5,Ride Cancellation,6,2,Thursday,8,1,5,Slow,1
T0729,15-03-2025,Chatbot,27,97,2,Driver Issue,15,3,Saturday,10,0,2,Slow,0
T0730,15-03-2025,Live Agent,5,95,1,Lost Item,15,3,Saturday,10,1,3,Slow,0
T0731,24-03-2025,Live Agent,25,102,3,Ride Cancellation,24,3,Monday,5,1,5,Slow,0
T0732,17-01-2025,Live Agent,3,95,4,Account Access,17,1,Friday,16,1,0,Slow,1
T0733,26-03-2025,Live Agent,1,53,4,Ride Cancellation,26,3,Wednesday,8,1,5,Medium,1
T0734,19-03-2025,Live Agent,4,146,4,Lost Item,19,3,Wednesday,9,1,3,Slow,1
T0735,14-03-2025,Live Agent,25,174,5,Driver Issue,14,3,Friday,8,1,2,Slow,1
T0736,01-01-2025,Chatbot,20,83,5,Lost Item,1,1,Wednesday,18,0,3,Slow,1
T0737,20-02-2025,Chatbot,2,45,5,Driver Issue,20,2,Thursday,15,0,2,Medium,1
T0738,14-02-2025,Chatbot,26,110,3,App Crash,14,2,Friday,10,0,1,Slow,0
T0739,18-03-2025,Live Agent,5,165,4,Driver Issue,18,3,Tuesday,8,1,2,Slow,1
T0740,04-01-2025,Chatbot,3,179,3,App Crash,4,1,Saturday,13,0,1,Slow,0
T0741,03-03-2025,Live Agent,29,179,3,App Crash,3,3,Monday,23,1,1,Slow,0
T0742,06-03-2025,Live Agent,28,113,3,Driver Issue,6,3,Thursday,9,1,2,Slow,0
T0743,01-02-2025,Live Agent,29,75,3,Account Access,1,2,Saturday,12,1,0,Slow,0
T0744,03-02-2025,Chatbot,9,64,4,Payment Problem,3,2,Monday,11,0,4,Slow,1
T0745,13-03-2025,Chatbot,20,100,5,Driver Issue,13,3,Thursday,9,0,2,Slow,1
T0746,08-02-2025,Chatbot,6,31,2,Ride Cancellation,8,2,Saturday,12,0,5,Medium,0
T0747,26-01-2025,Live Agent,18,110,4,Account Access,26,1,Sunday,12,1,0,Slow,1
T0748,03-02-2025,Live Agent,6,164,4,Account Access,3,2,Monday,11,1,0,Slow,1
T0749,23-02-2025,Live Agent,19,130,3,Ride Cancellation,23,2,Sunday,12,1,5,Slow,0
T0750,03-01-2025,Chatbot,28,102,4,Payment Problem,3,1,Friday,14,0,4,Slow,1
T0751,19-02-2025,Live Agent,12,117,3,Account Access,19,2,Wednesday,11,1,0,Slow,0
T0752,12-01-2025,Live Agent,25,150,4,App Crash,12,1,Sunday,14,1,1,Slow,1
T0753,06-03-2025,Chatbot,11,19,4,Payment Problem,6,3,Thursday,9,0,4,Fast,1
T0754,23-02-2025,Live Agent,2,18,3,Ride Cancellation,23,2,Sunday,12,1,5,Fast,0
T0755,05-01-2025,Chatbot,15,164,2,Payment Problem,5,1,Sunday,13,0,4,Slow,0
T0756,26-02-2025,Chatbot,12,43,4,Driver Issue,26,2,Wednesday,10,0,2,Medium,1
T0757,17-01-2025,Live Agent,12,138,5,Payment Problem,17,1,Friday,16,1,4,Slow,1
T0758,16-02-2025,Chatbot,9,169,3,App Crash,16,2,Sunday,13,0,1,Slow,0
T0759,23-01-2025,Live Agent,21,98,4,Driver Issue,23,1,Thursday,14,1,2,Slow,1
T0760,20-03-2025,Live Agent,24,102,4,Lost Item,20,3,Thursday,8,1,3,Slow,1
T0761,26-03-2025,Chatbot,2,80,5,Ride Cancellation,26,3,Wednesday,8,0,5,Slow,1
T0762,14-01-2025,Chatbot,22,76,5,Ride Cancellation,14,1,Tuesday,10,0,5,Slow,1
T0763,07-03-2025,Chatbot,3,157,4,Payment Problem,7,3,Friday,10,0,4,Slow,1
T0764,16-03-2025,Chatbot,12,126,4,Account Access,16,3,Sunday,17,0,0,Slow,1
T0765,20-02-2025,Chatbot,28,103,5,Driver Issue,20,2,Thursday,15,0,2,Slow,1
T0766,07-02-2025,Chatbot,26,172,4,Lost Item,7,2,Friday,12,0,3,Slow,1
T0767,05-03-2025,Chatbot,16,108,3,Driver Issue,5,3,Wednesday,13,0,2,Slow,0
T0768,07-02-2025,Chatbot,21,122,1,Ride Cancellation,7,2,Friday,12,0,5,Slow,0
T0769,19-02-2025,Chatbot,28,112,5,Driver Issue,19,2,Wednesday,11,0,2,Slow,1
T0770,23-03-2025,Live Agent,24,100,5,Lost Item,23,3,Sunday,7,1,3,Slow,1
T0771,30-01-2025,Live Agent,26,99,2,Account Access,30,1,Thursday,10,1,0,Slow,0
T0772,20-03-2025,Chatbot,1,26,4,Payment Problem,20,3,Thursday,8,0,4,Fast,1
T0773,20-02-2025,Chatbot,21,27,4,App Crash,20,2,Thursday,15,0,1,Fast,1
T0774,04-03-2025,Live Agent,3,125,2,Driver Issue,4,3,Tuesday,14,1,2,Slow,0
T0775,21-02-2025,Live Agent,20,102,5,App Crash,21,2,Friday,13,1,1,Slow,1
T0776,07-02-2025,Live Agent,2,100,3,Ride Cancellation,7,2,Friday,12,1,5,Slow,0
T0777,29-03-2025,Live Agent,9,91,2,Payment Problem,29,3,Saturday,9,1,4,Slow,0
T0778,20-03-2025,Chatbot,19,77,4,Payment Problem,20,3,Thursday,8,0,4,Slow,1
T0779,30-01-2025,Chatbot,15,123,4,Driver Issue,30,1,Thursday,10,0,2,Slow,1
T0780,20-02-2025,Chatbot,18,10,1,Account Access,20,2,Thursday,15,0,0,Fast,0
T0781,22-03-2025,Chatbot,26,67,4,Payment Problem,22,3,Saturday,7,0,4,Slow,1
T0782,05-01-2025,Chatbot,11,163,4,Driver Issue,5,1,Sunday,13,0,2,Slow,1
T0783,29-01-2025,Chatbot,25,118,2,Driver Issue,29,1,Wednesday,8,0,2,Slow,0
T0784,04-01-2025,Chatbot,23,157,3,App Crash,4,1,Saturday,13,0,1,Slow,0
T0785,10-01-2025,Live Agent,16,125,4,Payment Problem,10,1,Friday,8,1,4,Slow,1
T0786,25-02-2025,Live Agent,22,96,3,Driver Issue,25,2,Tuesday,10,1,2,Slow,0
T0787,17-01-2025,Chatbot,17,19,5,App Crash,17,1,Friday,16,0,1,Fast,1
T0788,15-03-2025,Live Agent,5,68,5,Lost Item,15,3,Saturday,10,1,3,Slow,1
T0789,17-01-2025,Chatbot,12,50,5,App Crash,17,1,Friday,16,0,1,Medium,1
T0790,25-03-2025,Live Agent,11,114,3,App Crash,25,3,Tuesday,10,1,1,Slow,0
T0791,29-03-2025,Chatbot,15,142,5,Driver Issue,29,3,Saturday,9,0,2,Slow,1
T0792,10-03-2025,Live Agent,27,131,4,Ride Cancellation,10,3,Monday,13,1,5,Slow,1
T0793,03-02-2025,Live Agent,3,154,3,Ride Cancellation,3,2,Monday,11,1,5,Slow,0
T0794,06-01-2025,Chatbot,1,31,2,Account Access,6,1,Monday,12,0,0,Medium,0
T0795,22-02-2025,Chatbot,20,107,2,Ride Cancellation,22,2,Saturday,12,0,5,Slow,0
T0796,07-03-2025,Chatbot,29,178,4,App Crash,7,3,Friday,10,0,1,Slow,1
T0797,18-03-2025,Chatbot,16,77,4,Account Access,18,3,Tuesday,8,0,0,Slow,1
T0798,12-02-2025,Chatbot,2,148,3,Driver Issue,12,2,Wednesday,5,0,2,Slow,0
T0799,16-03-2025,Live Agent,2,65,4,Payment Problem,16,3,Sunday,17,1,4,Slow,1
T0800,23-01-2025,Chatbot,3,158,3,App Crash,23,1,Thursday,14,0,1,Slow,0
T0801,24-02-2025,Live Agent,8,108,4,App Crash,24,2,Monday,8,1,1,Slow,1
T0802,21-03-2025,Live Agent,24,85,4,Account Access,21,3,Friday,8,1,0,Slow,1
T0803,16-03-2025,Chatbot,28,35,5,Driver Issue,16,3,Sunday,17,0,2,Medium,1
T0804,16-01-2025,Chatbot,15,124,5,Lost Item,16,1,Thursday,13,0,3,Slow,1
T0805,08-01-2025,Chatbot,7,156,4,App Crash,8,1,Wednesday,15,0,1,Slow,1
T0806,04-01-2025,Live Agent,6,118,4,Lost Item,4,1,Saturday,13,1,3,Slow,1
T0807,04-01-2025,Chatbot,9,56,4,Lost Item,4,1,Saturday,13,0,3,Medium,1
T0808,25-02-2025,Live Agent,20,80,5,Ride Cancellation,25,2,Tuesday,10,1,5,Slow,1
T0809,25-01-2025,Live Agent,28,163,3,Driver Issue,25,1,Saturday,10,1,2,Slow,0
T0810,08-03-2025,Chatbot,1,49,3,Lost Item,8,3,Saturday,10,0,3,Medium,0
T0811,08-03-2025,Chatbot,8,142,2,Driver Issue,8,3,Saturday,10,0,2,Slow,0
T0812,27-01-2025,Live Agent,23,158,4,Ride Cancellation,27,1,Monday,11,1,5,Slow,1
T0813,01-02-2025,Live Agent,23,141,4,Driver Issue,1,2,Saturday,12,1,2,Slow,1
T0814,19-02-2025,Chatbot,3,32,5,App Crash,19,2,Wednesday,11,0,1,Medium,1
T0815,02-03-2025,Chatbot,4,115,3,Lost Item,2,3,Sunday,12,0,3,Slow,0
T0816,20-02-2025,Live Agent,26,93,4,Driver Issue,20,2,Thursday,15,1,2,Slow,1
T0817,19-01-2025,Chatbot,25,152,5,Payment Problem,19,1,Sunday,15,0,4,Slow,1
T0818,21-01-2025,Live Agent,15,125,5,Driver Issue,21,1,Tuesday,11,1,2,Slow,1
T0819,05-01-2025,Chatbot,6,118,4,Lost Item,5,1,Sunday,13,0,3,Slow,1
T0820,23-03-2025,Chatbot,15,145,4,Ride Cancellation,23,3,Sunday,7,0,5,Slow,1
T0821,11-02-2025,Live Agent,21,50,3,Ride Cancellation,11,2,Tuesday,10,1,5,Medium,0
T0822,02-03-2025,Chatbot,3,121,5,Lost Item,2,3,Sunday,12,0,3,Slow,1
T0823,22-01-2025,Chatbot,25,156,2,App Crash,22,1,Wednesday,8,0,1,Slow,0
T0824,21-01-2025,Chatbot,21,121,5,App Crash,21,1,Tuesday,11,0,1,Slow,1
T0825,11-03-2025,Chatbot,21,112,4,Ride Cancellation,11,3,Tuesday,11,0,5,Slow,1
T0826,01-01-2025,Live Agent,14,55,4,Ride Cancellation,1,1,Wednesday,18,1,5,Medium,1
T0827,05-01-2025,Chatbot,20,165,1,Lost Item,5,1,Sunday,13,0,3,Slow,0
T0828,12-01-2025,Chatbot,14,77,4,App Crash,12,1,Sunday,14,0,1,Slow,1
T0829,31-03-2025,Live Agent,4,131,4,Ride Cancellation,31,3,Monday,21,1,5,Slow,1
T0830,15-02-2025,Live Agent,12,24,3,App Crash,15,2,Saturday,7,1,1,Fast,0
T0831,03-02-2025,Chatbot,17,174,4,Ride Cancellation,3,2,Monday,11,0,5,Slow,1
T0832,18-02-2025,Chatbot,7,138,5,Driver Issue,18,2,Tuesday,10,0,2,Slow,1
T0833,19-03-2025,Live Agent,9,120,4,Payment Problem,19,3,Wednesday,9,1,4,Slow,1
T0834,31-03-2025,Live Agent,3,33,4,Account Access,31,3,Monday,21,1,0,Medium,1
T0835,14-02-2025,Chatbot,28,36,2,Driver Issue,14,2,Friday,10,0,2,Medium,0
T0836,27-01-2025,Chatbot,13,49,4,Account Access,27,1,Monday,11,0,0,Medium,1
T0837,14-03-2025,Chatbot,15,173,2,Ride Cancellation,14,3,Friday,8,0,5,Slow,0
T0838,26-01-2025,Live Agent,18,33,4,Payment Problem,26,1,Sunday,12,1,4,Medium,1
T0839,16-02-2025,Live Agent,19,33,5,Payment Problem,16,2,Sunday,13,1,4,Medium,1
T0840,27-03-2025,Live Agent,1,13,4,Ride Cancellation,27,3,Thursday,15,1,5,Fast,1
T0841,25-02-2025,Live Agent,6,76,2,Ride Cancellation,25,2,Tuesday,10,1,5,Slow,0
T0842,04-03-2025,Live Agent,27,43,4,App Crash,4,3,Tuesday,14,1,1,Medium,1
T0843,17-02-2025,Chatbot,27,125,4,Ride Cancellation,17,2,Monday,11,0,5,Slow,1
T0844,02-03-2025,Chatbot,23,32,4,Lost Item,2,3,Sunday,12,0,3,Medium,1
T0845,22-03-2025,Chatbot,27,118,5,Ride Cancellation,22,3,Saturday,7,0,5,Slow,1
T0846,26-01-2025,Chatbot,27,78,5,Lost Item,26,1,Sunday,12,0,3,Slow,1
T0847,05-02-2025,Live Agent,2,104,4,Ride Cancellation,5,2,Wednesday,13,1,5,Slow,1
T0848,01-01-2025,Chatbot,24,71,4,App Crash,1,1,Wednesday,18,0,1,Slow,1
T0849,08-01-2025,Chatbot,14,178,3,Lost Item,8,1,Wednesday,15,0,3,Slow,0
T0850,21-02-2025,Chatbot,6,66,2,Driver Issue,21,2,Friday,13,0,2,Slow,0
T0851,20-03-2025,Chatbot,14,63,4,Lost Item,20,3,Thursday,8,0,3,Slow,1
T0852,16-02-2025,Chatbot,4,79,4,App Crash,16,2,Sunday,13,0,1,Slow,1
T0853,25-02-2025,Chatbot,21,110,4,Account Access,25,2,Tuesday,10,0,0,Slow,1
T0854,27-03-2025,Live Agent,8,66,4,Lost Item,27,3,Thursday,15,1,3,Slow,1
T0855,14-01-2025,Chatbot,3,147,2,Ride Cancellation,14,1,Tuesday,10,0,5,Slow,0
T0856,31-03-2025,Live Agent,19,177,4,Ride Cancellation,31,3,Monday,21,1,5,Slow,1
T0857,28-01-2025,Chatbot,14,144,3,Account Access,28,1,Tuesday,10,0,0,Slow,0
T0858,28-03-2025,Chatbot,27,112,3,App Crash,28,3,Friday,10,0,1,Slow,0
T0859,19-03-2025,Chatbot,20,175,5,Payment Problem,19,3,Wednesday,9,0,4,Slow,1
T0860,29-03-2025,Chatbot,17,94,1,Ride Cancellation,29,3,Saturday,9,0,5,Slow,0
T0861,02-01-2025,Live Agent,25,70,4,Driver Issue,2,1,Thursday,15,1,2,Slow,1
T0862,26-01-2025,Chatbot,8,12,3,App Crash,26,1,Sunday,12,0,1,Fast,0
T0863,14-01-2025,Chatbot,24,137,5,Lost Item,14,1,Tuesday,10,0,3,Slow,1
T0864,28-02-2025,Live Agent,14,95,4,Lost Item,28,2,Friday,12,1,3,Slow,1
T0865,25-02-2025,Chatbot,26,56,3,Driver Issue,25,2,Tuesday,10,0,2,Medium,0
T0866,07-01-2025,Chatbot,6,85,4,Ride Cancellation,7,1,Tuesday,8,0,5,Slow,1
T0867,03-01-2025,Live Agent,23,47,4,App Crash,3,1,Friday,14,1,1,Medium,1
T0868,23-01-2025,Live Agent,22,173,5,Driver Issue,23,1,Thursday,14,1,2,Slow,1
T0869,18-01-2025,Chatbot,16,178,3,Ride Cancellation,18,1,Saturday,9,0,5,Slow,0
T0870,07-02-2025,Live Agent,25,150,5,App Crash,7,2,Friday,12,1,1,Slow,1
T0871,15-01-2025,Live Agent,19,96,5,Lost Item,15,1,Wednesday,11,1,3,Slow,1
T0872,05-03-2025,Chatbot,14,67,5,App Crash,5,3,Wednesday,13,0,1,Slow,1
T0873,30-03-2025,Live Agent,19,59,4,Account Access,30,3,Sunday,14,1,0,Medium,1
T0874,28-01-2025,Chatbot,3,39,4,Payment Problem,28,1,Tuesday,10,0,4,Medium,1
T0875,15-03-2025,Chatbot,10,110,4,App Crash,15,3,Saturday,10,0,1,Slow,1
T0876,08-02-2025,Chatbot,19,34,5,Payment Problem,8,2,Saturday,12,0,4,Medium,1
T0877,26-02-2025,Chatbot,9,121,4,App Crash,26,2,Wednesday,10,0,1,Slow,1
T0878,17-01-2025,Live Agent,28,164,4,Payment Problem,17,1,Friday,16,1,4,Slow,1
T0879,27-03-2025,Chatbot,20,135,4,Account Access,27,3,Thursday,15,0,0,Slow,1
T0880,31-03-2025,Live Agent,13,132,4,Lost Item,31,3,Monday,21,1,3,Slow,1
T0881,13-02-2025,Live Agent,7,56,5,Ride Cancellation,13,2,Thursday,12,1,5,Medium,1
T0882,25-01-2025,Chatbot,14,127,2,Payment Problem,25,1,Saturday,10,0,4,Slow,0
T0883,17-01-2025,Live Agent,9,48,5,Account Access,17,1,Friday,16,1,0,Medium,1
T0884,13-01-2025,Chatbot,27,25,4,Payment Problem,13,1,Monday,11,0,4,Fast,1
T0885,25-03-2025,Chatbot,28,31,5,Lost Item,25,3,Tuesday,10,0,3,Medium,1
T0886,25-01-2025,Live Agent,23,63,4,Payment Problem,25,1,Saturday,10,1,4,Slow,1
T0887,09-03-2025,Chatbot,25,158,4,Account Access,9,3,Sunday,6,0,0,Slow,1
T0888,10-01-2025,Chatbot,28,25,5,Account Access,10,1,Friday,8,0,0,Fast,1
T0889,08-03-2025,Chatbot,19,68,3,Driver Issue,8,3,Saturday,10,0,2,Slow,0
T0890,18-01-2025,Chatbot,15,40,5,Lost Item,18,1,Saturday,9,0,3,Medium,1
T0891,27-03-2025,Chatbot,20,179,4,Driver Issue,27,3,Thursday,15,0,2,Slow,1
T0892,03-02-2025,Chatbot,14,41,4,Lost Item,3,2,Monday,11,0,3,Medium,1
T0893,08-01-2025,Live Agent,24,171,3,Payment Problem,8,1,Wednesday,15,1,4,Slow,0
T0894,09-02-2025,Chatbot,6,18,4,Account Access,9,2,Sunday,9,0,0,Fast,1
T0895,24-03-2025,Chatbot,21,148,3,Driver Issue,24,3,Monday,5,0,2,Slow,0
T0896,11-02-2025,Chatbot,29,19,1,Payment Problem,11,2,Tuesday,10,0,4,Fast,0
T0897,10-02-2025,Chatbot,4,26,3,Account Access,10,2,Monday,5,0,0,Fast,0
T0898,06-01-2025,Live Agent,8,77,1,Lost Item,6,1,Monday,12,1,3,Slow,0
T0899,21-02-2025,Live Agent,17,57,5,Account Access,21,2,Friday,13,1,0,Medium,1
T0900,26-01-2025,Live Agent,9,120,5,Payment Problem,26,1,Sunday,12,1,4,Slow,1
T0901,05-03-2025,Chatbot,1,162,4,Driver Issue,5,3,Wednesday,13,0,2,Slow,1
T0902,28-02-2025,Chatbot,24,132,4,Driver Issue,28,2,Friday,12,0,2,Slow,1
T0903,25-02-2025,Chatbot,20,158,3,Account Access,25,2,Tuesday,10,0,0,Slow,0
T0904,28-02-2025,Live Agent,25,110,4,Payment Problem,28,2,Friday,12,1,4,Slow,1
T0905,11-03-2025,Chatbot,14,111,5,App Crash,11,3,Tuesday,11,0,1,Slow,1
T0906,02-02-2025,Chatbot,11,74,5,Lost Item,2,2,Sunday,20,0,3,Slow,1
T0907,22-02-2025,Live Agent,21,60,4,Lost Item,22,2,Saturday,12,1,3,Medium,1
T0908,22-01-2025,Chatbot,3,45,5,Payment Problem,22,1,Wednesday,8,0,4,Medium,1
T0909,21-01-2025,Chatbot,9,90,3,App Crash,21,1,Tuesday,11,0,1,Slow,0
T0910,11-03-2025,Chatbot,27,136,5,Driver Issue,11,3,Tuesday,11,0,2,Slow,1
T0911,11-03-2025,Live Agent,14,97,1,Ride Cancellation,11,3,Tuesday,11,1,5,Slow,0
T0912,04-01-2025,Chatbot,9,113,4,Ride Cancellation,4,1,Saturday,13,0,5,Slow,1
T0913,16-03-2025,Live Agent,4,24,4,Payment Problem,16,3,Sunday,17,1,4,Fast,1
T0914,03-03-2025,Live Agent,27,105,4,App Crash,3,3,Monday,23,1,1,Slow,1
T0915,03-03-2025,Chatbot,4,176,2,App Crash,3,3,Monday,23,0,1,Slow,0
T0916,24-01-2025,Live Agent,28,132,5,Lost Item,24,1,Friday,17,1,3,Slow,1
T0917,24-02-2025,Chatbot,8,10,3,Driver Issue,24,2,Monday,8,0,2,Fast,0
T0918,09-01-2025,Chatbot,2,160,4,Account Access,9,1,Thursday,13,0,0,Slow,1
T0919,03-01-2025,Live Agent,9,131,3,App Crash,3,1,Friday,14,1,1,Slow,0
T0920,31-01-2025,Live Agent,29,176,3,Account Access,31,1,Friday,4,1,0,Slow,0
T0921,09-02-2025,Live Agent,14,135,4,Ride Cancellation,9,2,Sunday,9,1,5,Slow,1
T0922,05-02-2025,Chatbot,22,66,4,Account Access,5,2,Wednesday,13,0,0,Slow,1
T0923,24-01-2025,Chatbot,9,90,3,Driver Issue,24,1,Friday,17,0,2,Slow,0
T0924,06-01-2025,Chatbot,24,171,3,Driver Issue,6,1,Monday,12,0,2,Slow,0
T0925,07-03-2025,Chatbot,23,178,4,Account Access,7,3,Friday,10,0,0,Slow,1
T0926,25-03-2025,Chatbot,16,82,5,Payment Problem,25,3,Tuesday,10,0,4,Slow,1
T0927,16-03-2025,Chatbot,29,150,5,App Crash,16,3,Sunday,17,0,1,Slow,1
T0928,04-01-2025,Chatbot,17,79,2,Payment Problem,4,1,Saturday,13,0,4,Slow,0
T0929,20-03-2025,Chatbot,16,15,4,Account Access,20,3,Thursday,8,0,0,Fast,1
T0930,06-01-2025,Chatbot,12,93,2,App Crash,6,1,Monday,12,0,1,Slow,0
T0931,20-02-2025,Chatbot,3,61,1,Lost Item,20,2,Thursday,15,0,3,Slow,0
T0932,03-03-2025,Live Agent,11,12,4,Payment Problem,3,3,Monday,23,1,4,Fast,1
T0933,26-02-2025,Chatbot,14,90,4,Payment Problem,26,2,Wednesday,10,0,4,Slow,1
T0934,07-03-2025,Live Agent,18,72,3,Account Access,7,3,Friday,10,1,0,Slow,0
T0935,20-03-2025,Live Agent,21,58,3,Ride Cancellation,20,3,Thursday,8,1,5,Medium,0
T0936,16-03-2025,Chatbot,21,85,1,Account Access,16,3,Sunday,17,0,0,Slow,0
T0937,08-01-2025,Live Agent,5,121,5,Payment Problem,8,1,Wednesday,15,1,4,Slow,1
T0938,26-01-2025,Chatbot,16,118,5,App Crash,26,1,Sunday,12,0,1,Slow,1
T0939,20-02-2025,Chatbot,20,74,2,Ride Cancellation,20,2,Thursday,15,0,5,Slow,0
T0940,14-02-2025,Chatbot,5,90,3,Account Access,14,2,Friday,10,0,0,Slow,0
T0941,13-02-2025,Chatbot,3,24,5,Account Access,13,2,Thursday,12,0,0,Fast,1
T0942,05-01-2025,Chatbot,12,109,5,Payment Problem,5,1,Sunday,13,0,4,Slow,1
T0943,11-03-2025,Chatbot,1,41,4,Payment Problem,11,3,Tuesday,11,0,4,Medium,1
T0944,26-01-2025,Live Agent,21,105,2,Lost Item,26,1,Sunday,12,1,3,Slow,0
T0945,09-03-2025,Live Agent,29,137,1,Account Access,9,3,Sunday,6,1,0,Slow,0
T0946,19-01-2025,Chatbot,9,155,4,Payment Problem,19,1,Sunday,15,0,4,Slow,1
T0947,25-03-2025,Live Agent,29,122,4,Driver Issue,25,3,Tuesday,10,1,2,Slow,1
T0948,20-01-2025,Chatbot,9,92,1,Ride Cancellation,20,1,Monday,8,0,5,Slow,0
T0949,12-01-2025,Chatbot,4,52,4,Driver Issue,12,1,Sunday,14,0,2,Medium,1
T0950,16-02-2025,Live Agent,3,125,1,Ride Cancellation,16,2,Sunday,13,1,5,Slow,0
T0951,01-01-2025,Chatbot,17,172,5,Account Access,1,1,Wednesday,18,0,0,Slow,1
T0952,31-03-2025,Chatbot,2,87,3,Lost Item,31,3,Monday,21,0,3,Slow,0
T0953,14-01-2025,Chatbot,24,67,1,Payment Problem,14,1,Tuesday,10,0,4,Slow,0
T0954,05-03-2025,Chatbot,1,42,4,Payment Problem,5,3,Wednesday,13,0,4,Medium,1
T0955,07-02-2025,Live Agent,8,23,4,Payment Problem,7,2,Friday,12,1,4,Fast,1
T0956,06-02-2025,Chatbot,13,171,5,Account Access,6,2,Thursday,8,0,0,Slow,1
T0957,11-01-2025,Live Agent,23,141,4,Ride Cancellation,11,1,Saturday,5,1,5,Slow,1
T0958,18-03-2025,Chatbot,15,68,3,Payment Problem,18,3,Tuesday,8,0,4,Slow,0
T0959,03-01-2025,Chatbot,8,166,4,Driver Issue,3,1,Friday,14,0,2,Slow,1
T0960,02-02-2025,Chatbot,12,92,3,Payment Problem,2,2,Sunday,20,0,4,Slow,0
T0961,06-01-2025,Live Agent,22,143,5,Account Access,6,1,Monday,12,1,0,Slow,1
T0962,19-02-2025,Chatbot,12,130,4,Lost Item,19,2,Wednesday,11,0,3,Slow,1
T0963,10-01-2025,Live Agent,14,177,4,Driver Issue,10,1,Friday,8,1,2,Slow,1
T0964,05-01-2025,Live Agent,15,92,2,Payment Problem,5,1,Sunday,13,1,4,Slow,0
T0965,23-01-2025,Chatbot,15,36,4,Payment Problem,23,1,Thursday,14,0,4,Medium,1
T0966,10-01-2025,Live Agent,9,89,5,App Crash,10,1,Friday,8,1,1,Slow,1
T0967,13-02-2025,Live Agent,19,143,5,Ride Cancellation,13,2,Thursday,12,1,5,Slow,1
T0968,02-01-2025,Live Agent,26,22,3,Driver Issue,2,1,Thursday,15,1,2,Fast,0
T0969,13-01-2025,Chatbot,20,73,3,App Crash,13,1,Monday,11,0,1,Slow,0
T0970,09-02-2025,Chatbot,29,156,5,Lost Item,9,2,Sunday,9,0,3,Slow,1
T0971,02-01-2025,Chatbot,22,89,5,Ride Cancellation,2,1,Thursday,15,0,5,Slow,1
T0972,25-03-2025,Chatbot,8,132,2,Driver Issue,25,3,Tuesday,10,0,2,Slow,0
T0973,06-03-2025,Chatbot,21,52,4,Payment Problem,6,3,Thursday,9,0,4,Medium,1
T0974,04-03-2025,Live Agent,19,98,3,Driver Issue,4,3,Tuesday,14,1,2,Slow,0
T0975,14-03-2025,Chatbot,6,157,5,Payment Problem,14,3,Friday,8,0,4,Slow,1
T0976,17-01-2025,Chatbot,20,104,2,Ride Cancellation,17,1,Friday,16,0,5,Slow,0
T0977,09-01-2025,Live Agent,25,160,3,Payment Problem,9,1,Thursday,13,1,4,Slow,0
T0978,16-03-2025,Live Agent,29,11,5,Lost Item,16,3,Sunday,17,1,3,Fast,1
T0979,15-01-2025,Chatbot,19,129,2,Account Access,15,1,Wednesday,11,0,0,Slow,0
T0980,24-01-2025,Live Agent,4,31,4,Payment Problem,24,1,Friday,17,1,4,Medium,1
T0981,07-02-2025,Chatbot,23,124,4,Lost Item,7,2,Friday,12,0,3,Slow,1
T0982,04-02-2025,Chatbot,7,66,3,Account Access,4,2,Tuesday,12,0,0,Slow,0
T0983,18-02-2025,Live Agent,28,81,4,Ride Cancellation,18,2,Tuesday,10,1,5,Slow,1
T0984,10-03-2025,Chatbot,28,16,4,Ride Cancellation,10,3,Monday,13,0,5,Fast,1
T0985,03-03-2025,Chatbot,4,128,3,Driver Issue,3,3,Monday,23,0,2,Slow,0
T0986,01-03-2025,Chatbot,22,123,4,Lost Item,1,3,Saturday,13,0,3,Slow,1
T0987,19-02-2025,Chatbot,12,25,5,Lost Item,19,2,Wednesday,11,0,3,Fast,1
T0988,19-03-2025,Chatbot,13,92,5,App Crash,19,3,Wednesday,9,0,1,Slow,1
T0989,16-03-2025,Chatbot,3,81,3,App Crash,16,3,Sunday,17,0,1,Slow,0
T0990,09-01-2025,Live Agent,22,133,2,Account Access,9,1,Thursday,13,1,0,Slow,0
T0991,03-02-2025,Live Agent,12,122,3,Account Access,3,2,Monday,11,1,0,Slow,0
T0992,17-03-2025,Chatbot,2,21,4,App Crash,17,3,Monday,9,0,1,Fast,1
T0993,04-02-2025,Chatbot,24,135,4,Account Access,4,2,Tuesday,12,0,0,Slow,1
T0994,01-01-2025,Chatbot,2,62,4,Payment Problem,1,1,Wednesday,18,0,4,Slow,1
T0995,09-02-2025,Chatbot,27,84,2,App Crash,9,2,Sunday,9,0,1,Slow,0
T0996,05-03-2025,Live Agent,23,142,1,Lost Item,5,3,Wednesday,13,1,3,Slow,0
T0997,22-01-2025,Chatbot,9,36,4,Payment Problem,22,1,Wednesday,8,0,4,Medium,1
T0998,01-03-2025,Chatbot,1,149,4,Account Access,1,3,Saturday,13,0,0,Slow,1
T0999,05-03-2025,Live Agent,8,154,3,Ride Cancellation,5,3,Wednesday,13,1,5,Slow,0
T1000,13-03-2025,Live Agent,23,143,4,Driver Issue,13,3,Thursday,9,1,2,Slow,1
