Ticket_ID,Created_At,Channel,Response_Time_Minutes,Resolution_Time_Minutes,CSAT_Score,Issue_Type,Daily_Ticket_Count
T0001,2025-02-21,Live Agent,4.0,175,3.0,Ride Cancellation,13
T0002,2025-01-15,Live Agent,7.0,15,4.0,Lost Item,11
T0003,2025-03-13,Live Agent,8.0,162,4.0,Account Access,9
T0004,2025-03-02,Live Agent,17.0,154,2.0,Lost Item,12
T0005,2025-01-21,Chatbot,5.0,70,5.0,Lost Item,11
T0006,2025-03-24,Chatbot,7.0,21,4.0,Lost Item,5
T0007,2025-03-28,Live Agent,28.0,15,4.0,Driver Issue,10
T0008,2025-03-16,Live Agent,20.0,36,4.0,Payment Problem,17
T0009,2025-03-16,Chatbot,29.0,145,3.0,Payment Problem,17
T0010,2025-03-29,Chatbot,20.0,133,2.0,Account Access,9
T0011,2025-01-24,Live Agent,4.0,115,4.0,Payment Problem,17
T0012,2025-01-03,Chatbot,28.0,102,5.0,Lost Item,14
T0013,2025-01-22,Live Agent,6.0,118,4.0,Driver Issue,8
T0014,2025-02-22,Live Agent,7.0,108,4.0,Lost Item,12
T0015,2025-01-02,Live Agent,18.0,177,4.0,Driver Issue,15
T0016,2025-03-29,Unknown,5.0,151,3.0,Lost Item,9
T0017,2025-01-30,Chatbot,20.0,44,4.0,App Crash,10
T0018,2025-02-07,Chatbot,29.0,93,5.0,App Crash,12
T0019,2025-01-02,Chatbot,3.0,65,2.0,Ride Cancellation,15
T0020,2025-03-05,Chatbot,7.0,150,3.0,Lost Item,13
T0021,2025-03-01,Chatbot,27.0,58,3.0,Account Access,13
T0022,2025-01-21,Chatbot,28.0,55,4.0,Payment Problem,11
T0023,2025-02-02,Chatbot,22.0,122,5.0,Ride Cancellation,20
T0024,2025-03-17,Chatbot,14.0,145,2.0,Account Access,9
T0025,2025-02-27,Chatbot,7.0,52,4.0,App Crash,15
T0026,2025-01-22,Chatbot,5.0,157,3.0,Lost Item,8
T0027,2025-03-30,Live Agent,29.0,133,5.0,Ride Cancellation,14
T0028,2025-02-18,Live Agent,22.0,106,2.0,Lost Item,10
T0029,2025-02-28,Chatbot,5.0,99,4.0,App Crash,12
T0030,2025-02-11,Live Agent,23.0,48,4.0,Ride Cancellation,10
T0031,2025-03-01,Chatbot,2.0,94,4.0,App Crash,13
T0032,2025-03-21,Live Agent,27.0,71,4.0,Driver Issue,8
T0033,2025-01-15,Chatbot,21.0,115,3.0,App Crash,11
T0034,2025-03-03,Live Agent,22.0,116,4.0,Lost Item,23
T0035,2025-03-03,Live Agent,6.0,63,3.0,Payment Problem,23
T0036,2025-02-16,Live Agent,15.0,135,3.0,Lost Item,13
T0037,2025-03-03,Live Agent,21.0,18,4.0,Account Access,23
T0038,2025-02-20,Chatbot,10.0,97,3.0,Payment Problem,15
T0039,2025-02-24,Chatbot,23.0,46,3.0,Driver Issue,8
T0040,2025-03-05,Live Agent,26.0,58,4.0,Ride Cancellation,13
T0041,2025-01-03,Chatbot,120.0,50,5.0,Ride Cancellation,14
T0042,2025-02-20,Live Agent,7.0,26,4.0,Payment Problem,15
T0043,2025-01-07,Chatbot,5.0,97,2.0,Ride Cancellation,8
T0044,2025-01-21,Chatbot,1.0,30,2.0,App Crash,11
T0045,2025-03-14,Chatbot,13.0,60,5.0,Payment Problem,8
T0046,2025-02-08,Chatbot,21.0,0,3.0,Lost Item,12
T0047,2025-01-18,Live Agent,26.0,176,2.0,App Crash,9
T0048,2025-01-04,Chatbot,18.0,50,4.0,App Crash,13
T0049,2025-03-30,Chatbot,13.0,48,4.0,App Crash,14
T0050,2025-03-01,Chatbot,21.0,150,4.0,Lost Item,13
T0051,,Chatbot,21.0,20,3.0,Driver Issue,11
T0052,2025-01-09,Live Agent,18.0,156,1.0,Account Access,13
T0053,2025-03-31,Chatbot,5.0,148,5.0,Ride Cancellation,21
T0054,2025-02-22,Chatbot,13.0,86,3.0,Payment Problem,12
T0055,2025-01-02,Chatbot,4.0,136,4.0,Driver Issue,15
T0056,2035-05-10,Live Agent,17.0,55,4.0,Payment Problem,11
T0057,2025-03-01,Chatbot,3.0,54,4.0,Ride Cancellation,13
T0058,2025-03-12,Live Agent,17.0,10,3.0,Lost Item,6
T0059,2025-02-13,Live Agent,28.0,177,3.0,App Crash,12
T0060,2025-01-08,Chatbot,11.0,117,4.0,App Crash,15
T0061,2025-02-16,Chatbot,21.0,28,5.0,Lost Item,13
T0062,2025-02-04,Chatbot,20.0,85,5.0,Driver Issue,12
T0063,2025-03-19,Chatbot,23.0,81,2.0,Driver Issue,9
T0064,2025-03-22,Live Agent,21.0,118,3.0,Payment Problem,7
T0065,2025-02-05,Live Agent,26.0,21,5.0,Lost Item,13
T0066,2025-02-19,Chatbot,16.0,170,4.0,Driver Issue,11
T0067,2025-01-04,Chatbot,2.0,54,5.0,Lost Item,13
T0068,2025-01-02,Chatbot,20.0,99,3.0,Ride Cancellation,15
T0069,2025-01-06,Live Agent,16.0,112,4.0,App Crash,12
T0070,2025-02-23,Chatbot,28.0,17,4.0,App Crash,12
T0071,2025-01-04,Chatbot,18.0,162,4.0,App Crash,13
T0072,2025-02-23,Live Agent,8.0,100,4.0,Lost Item,12
T0073,2025-03-04,Live Agent,3.0,96,1.0,Lost Item,14
T0074,2025-01-18,Chatbot,9.0,167,4.0,Payment Problem,9
T0075,2025-03-31,Live Agent,29.0,93,3.0,App Crash,21
T0076,2025-02-13,Live Agent,20.0,91,4.0,Payment Problem,12
T0077,2025-02-03,Chatbot,29.0,155,5.0,App Crash,11
T0078,2025-03-15,Chatbot,6.0,77,4.0,Payment Problem,10
T0079,2025-03-03,Chatbot,10.0,170,5.0,Payment Problem,23
T0080,2025-01-14,Chatbot,21.0,136,3.0,Ride Cancellation,11
T0081,2025-02-17,Live Agent,10.0,173,4.0,Payment Problem,11
T0082,2025-01-15,Live Agent,13.0,91,5.0,Lost Item,11
T0083,2025-03-13,Chatbot,17.0,156,2.0,Payment Problem,9
T0084,2025-03-19,Chatbot,9.0,165,1.0,App Crash,9
T0085,2025-03-28,Chatbot,17.0,177,4.0,Payment Problem,10
T0086,2025-03-03,Chatbot,24.0,93,2.0,Driver Issue,23
T0087,2025-02-09,Live Agent,9.0,122,4.0,Account Access,9
T0088,2025-03-26,Chatbot,9.0,85,5.0,App Crash,8
T0089,2025-03-21,Chatbot,1.0,131,4.0,Driver Issue,8
T0090,2025-03-23,Chatbot,2.0,152,3.0,App Crash,7
T0091,2025-02-22,Live Agent,28.0,50,4.0,Lost Item,12
T0092,2025-01-24,Chatbot,16.0,176,4.0,Account Access,17
T0093,2025-01-26,Live Agent,29.0,11,1.0,Account Access,12
T0094,2025-03-30,Chatbot,1.0,38,4.0,Lost Item,14
T0095,2025-03-01,Live Agent,10.0,114,4.0,Account Access,13
T0096,2025-02-10,Live Agent,18.0,60,4.0,Lost Item,5
T0097,2025-01-29,Chatbot,26.0,84,3.0,Driver Issue,8
T0098,2025-01-15,Chatbot,28.0,19,4.0,Ride Cancellation,11
T0099,2025-02-14,Live Agent,8.0,151,2.0,App Crash,10
T0100,2025-03-06,Live Agent,21.0,60,3.0,Lost Item,9
T0101,2025-03-30,Chatbot,28.0,127,5.0,App Crash,14
T0102,2025-03-12,Chatbot,11.0,130,4.0,Driver Issue,6
T0103,2025-01-09,Live Agent,23.0,48,1.0,Ride Cancellation,13
T0104,2025-03-29,Chatbot,2.0,37,3.0,Driver Issue,9
T0105,2025-01-01,Chatbot,8.0,12,3.0,Account Access,18
T0106,2025-01-08,Live Agent,27.0,93,3.0,App Crash,15
T0107,2025-03-29,Chatbot,22.0,164,3.0,Ride Cancellation,9
T0108,2025-03-04,Chatbot,8.0,126,2.0,Account Access,14
T0109,2025-01-11,Chatbot,17.0,11,4.0,Ride Cancellation,5
T0110,2025-03-22,Chatbot,15.0,102,4.0,Account Access,7
T0111,2025-01-08,Chatbot,17.0,175,4.0,Driver Issue,15
T0112,2025-02-04,Live Agent,28.0,140,4.0,Lost Item,12
T0113,2025-02-04,Chatbot,23.0,153,2.0,App Crash,12
T0114,2025-02-02,Chatbot,24.0,103,5.0,Payment Problem,20
T0115,2025-01-05,Chatbot,13.0,49,5.0,Payment Problem,13
T0116,2025-02-10,Chatbot,19.0,11,5.0,Driver Issue,5
T0117,2025-01-28,Live Agent,5.0,90,5.0,App Crash,10
T0118,2025-01-07,Chatbot,12.0,178,5.0,App Crash,8
T0119,2025-03-14,Chatbot,1.0,21,4.0,Driver Issue,8
T0120,2025-03-13,Live Agent,23.0,172,3.0,App Crash,9
T0121,2025-01-12,Chatbot,5.0,74,4.0,Lost Item,14
T0122,2025-02-03,Chatbot,8.0,64,4.0,Driver Issue,11
T0123,2025-02-02,Chatbot,13.0,54,4.0,Lost Item,20
T0124,2025-02-17,Chatbot,8.0,110,4.0,App Crash,11
T0125,2025-01-23,Chatbot,25.0,71,2.0,Driver Issue,14
T0126,2025-03-03,Chatbot,23.0,58,4.0,App Crash,23
T0127,2025-03-29,Live Agent,11.0,136,5.0,Driver Issue,9
T0128,2025-02-06,Chatbot,1.0,162,4.0,App Crash,8
T0129,2025-02-13,Chatbot,13.0,32,4.0,Lost Item,12
T0130,2025-03-27,Live Agent,19.0,161,3.0,Lost Item,15
T0131,2025-02-04,Chatbot,24.0,47,4.0,App Crash,12
T0132,2025-03-06,Live Agent,3.0,37,5.0,Driver Issue,9
T0133,2025-02-16,Chatbot,24.0,30,4.0,Payment Problem,13
T0134,2025-03-19,Chatbot,17.0,116,5.0,Lost Item,9
T0135,2025-01-03,Live Agent,5.0,155,4.0,Lost Item,14
T0136,2025-01-01,Chatbot,20.0,173,4.0,Account Access,18
T0137,2025-01-05,Chatbot,21.0,108,3.0,Payment Problem,13
T0138,2025-03-31,Chatbot,8.0,128,4.0,App Crash,21
T0139,2025-01-14,Chatbot,26.0,82,4.0,Driver Issue,11
T0140,2025-01-27,Live Agent,14.0,131,4.0,Account Access,11
T0141,2025-01-09,Chatbot,4.0,39,4.0,App Crash,13
T0142,2025-03-20,Chatbot,11.0,117,5.0,Ride Cancellation,8
T0143,2025-01-15,Chatbot,20.0,107,2.0,Lost Item,11
T0144,2025-03-31,Live Agent,15.0,41,5.0,Ride Cancellation,21
T0145,2025-02-11,Chatbot,19.0,165,3.0,Lost Item,10
T0146,2025-03-18,Live Agent,7.0,88,4.0,Lost Item,8
T0147,2025-02-20,Chatbot,19.0,50,1.0,Ride Cancellation,15
T0148,2025-03-04,Live Agent,28.0,72,3.0,Ride Cancellation,14
T0149,2025-02-21,Live Agent,19.0,32,4.0,App Crash,13
T0150,2025-01-04,Live Agent,11.0,113,2.0,Account Access,13
T0151,2025-01-23,Live Agent,26.0,84,4.0,Account Access,14
T0152,2025-01-15,Chatbot,5.0,57,5.0,Ride Cancellation,11
T0153,2025-02-12,Chatbot,5.0,169,2.0,App Crash,5
T0154,2025-01-29,Chatbot,22.0,66,5.0,Account Access,8
T0155,2025-02-05,Chatbot,8.0,127,4.0,App Crash,13
T0156,2025-01-13,Chatbot,10.0,109,4.0,App Crash,11
T0157,2025-02-01,Chatbot,6.0,133,3.0,Lost Item,12
T0158,2025-03-12,Chatbot,15.0,170,3.0,Account Access,6
T0159,2025-02-28,Chatbot,16.0,161,3.0,Account Access,12
T0160,2025-03-27,Live Agent,28.0,176,2.0,Lost Item,15
T0161,2025-01-28,Chatbot,17.0,43,3.0,Ride Cancellation,10
T0162,2025-03-07,Live Agent,8.0,165,4.0,Lost Item,10
T0163,2025-02-11,Live Agent,8.0,174,5.0,Account Access,10
T0164,2025-02-14,Live Agent,25.0,16,5.0,Account Access,10
T0165,2025-03-03,Live Agent,9.0,174,4.0,Ride Cancellation,23
T0166,2025-02-26,Live Agent,2.0,65,2.0,Lost Item,10
T0167,2025-01-06,Live Agent,15.0,74,3.0,Driver Issue,12
T0168,2025-01-28,Live Agent,18.0,56,3.0,Driver Issue,10
T0169,2025-01-28,Chatbot,3.0,157,3.0,Ride Cancellation,10
T0170,2025-02-13,Chatbot,17.0,28,4.0,Lost Item,12
T0171,2025-03-25,Chatbot,4.0,166,4.0,Lost Item,11
T0172,2025-01-30,Chatbot,4.0,155,4.0,App Crash,10
T0173,2025-03-03,Live Agent,14.0,172,4.0,Account Access,23
T0174,2025-03-16,Live Agent,9.0,135,5.0,Payment Problem,17
T0175,2025-03-30,Live Agent,9.0,148,5.0,Ride Cancellation,14
T0176,2025-03-03,Chatbot,25.0,58,3.0,Payment Problem,23
T0177,2025-01-01,Live Agent,26.0,122,5.0,Payment Problem,18
T0178,2025-01-27,Live Agent,23.0,47,5.0,Ride Cancellation,11
T0179,2025-03-03,Live Agent,18.0,73,3.0,Lost Item,23
T0180,2025-03-18,Live Agent,10.0,78,4.0,Ride Cancellation,8
T0181,2025-01-03,Live Agent,21.0,145,4.0,Payment Problem,14
T0182,2025-03-11,Chatbot,4.0,171,5.0,Account Access,11
T0183,2025-03-13,Live Agent,12.0,125,5.0,Account Access,9
T0184,2025-01-27,Chatbot,27.0,74,2.0,Account Access,11
T0185,2025-01-09,Chatbot,8.0,40,4.0,Lost Item,13
T0186,2025-03-03,Live Agent,2.0,141,4.0,Driver Issue,23
T0187,2025-02-06,Chatbot,22.0,122,4.0,Ride Cancellation,8
T0188,2025-02-20,Live Agent,13.0,118,3.0,Account Access,15
T0189,2025-02-13,Chatbot,21.0,78,5.0,Ride Cancellation,12
T0190,2025-01-24,Live Agent,16.0,167,4.0,Account Access,17
T0191,2025-03-20,Chatbot,28.0,129,5.0,Lost Item,8
T0192,2025-02-28,Live Agent,2.0,97,5.0,Driver Issue,12
T0193,2025-02-01,Live Agent,11.0,76,4.0,Driver Issue,12
T0194,2025-03-29,Chatbot,10.0,84,4.0,Account Access,9
T0195,2025-02-21,Chatbot,15.0,54,4.0,Lost Item,13
T0196,2025-03-03,Live Agent,17.0,13,3.0,App Crash,23
T0197,2025-02-27,Chatbot,8.0,163,4.0,Ride Cancellation,15
T0198,2025-02-21,Chatbot,18.0,164,3.0,Ride Cancellation,13
T0199,2025-01-12,Chatbot,23.0,116,4.0,Payment Problem,14
T0200,2025-02-08,Chatbot,9.0,60,3.0,Lost Item,12
T0201,2025-01-02,Live Agent,25.0,59,2.0,Payment Problem,15
T0202,2025-01-03,Live Agent,8.0,15,3.0,Account Access,14
T0203,2025-02-25,Chatbot,27.0,68,1.0,Payment Problem,10
T0204,2025-03-22,Chatbot,14.0,134,4.0,Driver Issue,7
T0205,2025-02-28,Live Agent,28.0,152,4.0,Ride Cancellation,12
T0206,2025-01-02,Chatbot,26.0,39,4.0,Payment Problem,15
T0207,2025-01-02,Chatbot,25.0,179,3.0,Driver Issue,15
T0208,2025-02-23,Live Agent,18.0,131,2.0,Lost Item,12
T0209,2025-03-28,Live Agent,22.0,134,1.0,Payment Problem,10
T0210,2025-01-01,Live Agent,20.0,46,3.0,Account Access,18
T0211,2025-01-19,Live Agent,20.0,179,5.0,Account Access,15
T0212,2025-01-02,Chatbot,21.0,133,3.0,Account Access,15
T0213,2025-02-22,Live Agent,12.0,110,4.0,Ride Cancellation,12
T0214,2025-02-13,Chatbot,19.0,44,2.0,Payment Problem,12
T0215,2025-03-31,Chatbot,14.0,96,3.0,Lost Item,21
T0216,2025-02-01,Chatbot,17.0,143,4.0,Payment Problem,12
T0217,2025-03-11,Chatbot,24.0,27,4.0,Ride Cancellation,11
T0218,2025-02-01,Live Agent,21.0,122,3.0,Driver Issue,12
T0219,2025-03-09,Chatbot,3.0,38,2.0,Ride Cancellation,6
T0220,2025-02-24,Chatbot,26.0,86,4.0,Account Access,8
T0221,2025-03-16,Chatbot,23.0,68,3.0,Driver Issue,17
T0222,2025-02-25,Chatbot,7.0,135,3.0,Account Access,10
T0223,2025-01-17,Live Agent,17.0,154,5.0,App Crash,16
T0224,2025-02-07,Chatbot,12.0,118,4.0,Ride Cancellation,12
T0225,2025-01-24,Live Agent,9.0,31,4.0,Ride Cancellation,17
T0226,2025-03-10,Chatbot,15.0,77,4.0,Lost Item,13
T0227,2025-03-11,Chatbot,18.0,78,4.0,Payment Problem,11
T0228,2025-03-27,Live Agent,21.0,174,4.0,Driver Issue,15
T0229,2025-01-11,Chatbot,13.0,58,4.0,Driver Issue,5
T0230,2025-01-16,Live Agent,21.0,150,4.0,Lost Item,13
T0231,2025-03-14,Chatbot,8.0,171,3.0,Lost Item,8
T0232,2025-02-28,Chatbot,14.0,118,4.0,Payment Problem,12
T0233,2025-03-11,Live Agent,8.0,95,4.0,Account Access,11
T0234,2025-03-21,Chatbot,14.0,62,5.0,Payment Problem,8
T0235,2025-01-03,Chatbot,7.0,132,4.0,Ride Cancellation,14
T0236,2025-01-20,Live Agent,23.0,96,4.0,Account Access,8
T0237,2025-02-28,Chatbot,12.0,140,2.0,App Crash,12
T0238,2025-02-05,Live Agent,11.0,51,4.0,Payment Problem,13
T0239,2025-01-19,Chatbot,22.0,107,2.0,Lost Item,15
T0240,2025-03-31,Live Agent,22.0,169,3.0,Account Access,21
T0241,2025-03-08,Live Agent,11.0,118,2.0,Payment Problem,10
T0242,2025-01-19,Live Agent,25.0,60,4.0,Driver Issue,15
T0243,2025-01-20,Live Agent,22.0,94,3.0,App Crash,8
T0244,2025-03-12,Chatbot,28.0,136,4.0,Ride Cancellation,6
T0245,2025-02-21,Live Agent,29.0,30,5.0,Driver Issue,13
T0246,2025-02-02,Chatbot,13.0,53,3.0,Driver Issue,20
T0247,2025-02-09,Chatbot,18.0,148,4.0,App Crash,9
T0248,2025-02-08,Chatbot,2.0,112,4.0,Ride Cancellation,12
T0249,2025-03-23,Chatbot,29.0,77,1.0,Lost Item,7
T0250,2025-01-01,Chatbot,21.0,138,5.0,Account Access,18
T0251,2025-01-11,Live Agent,15.0,101,2.0,Ride Cancellation,5
T0252,2025-02-26,Live Agent,20.0,33,4.0,Payment Problem,10
T0253,2025-03-30,Live Agent,27.0,134,4.0,Driver Issue,14
T0254,2025-02-19,Chatbot,18.0,150,4.0,Payment Problem,11
T0255,2025-01-23,Live Agent,15.0,120,4.0,Lost Item,14
T0256,2025-01-31,Chatbot,19.0,107,3.0,Payment Problem,4
T0257,2025-02-11,Chatbot,23.0,148,1.0,Ride Cancellation,10
T0258,2025-01-07,Chatbot,24.0,26,4.0,Payment Problem,8
T0259,2025-01-16,Chatbot,12.0,108,4.0,Lost Item,13
T0260,2025-03-31,Live Agent,13.0,91,5.0,Lost Item,21
T0261,2025-03-01,Chatbot,22.0,113,5.0,Lost Item,13
T0262,2025-01-02,Chatbot,11.0,161,5.0,Ride Cancellation,15
T0263,2025-01-01,Chatbot,5.0,28,4.0,Lost Item,18
T0264,2025-02-17,Chatbot,29.0,174,3.0,Driver Issue,11
T0265,2025-01-12,Chatbot,1.0,94,5.0,Lost Item,14
T0266,2025-03-10,Live Agent,24.0,17,4.0,Payment Problem,13
T0267,2025-02-06,Chatbot,3.0,37,3.0,Account Access,8
T0268,2025-02-01,Chatbot,22.0,14,5.0,Payment Problem,12
T0269,2025-01-09,Chatbot,19.0,154,5.0,Account Access,13
T0270,2025-01-19,Live Agent,23.0,110,4.0,Payment Problem,15
T0271,2025-02-17,Live Agent,29.0,173,2.0,Ride Cancellation,11
T0272,2025-03-21,Live Agent,7.0,127,4.0,Payment Problem,8
T0273,2025-01-03,Live Agent,12.0,156,5.0,Ride Cancellation,14
T0274,2025-01-20,Chatbot,15.0,73,5.0,Ride Cancellation,8
T0275,2025-01-24,Chatbot,25.0,100,3.0,Lost Item,17
T0276,2025-02-23,Live Agent,5.0,126,2.0,Driver Issue,12
T0277,2025-02-02,Live Agent,15.0,107,5.0,Account Access,20
T0278,2025-01-24,Live Agent,8.0,20,4.0,Lost Item,17
T0279,2025-03-16,Live Agent,10.0,63,4.0,Lost Item,17
T0280,2025-03-13,Live Agent,26.0,56,5.0,Ride Cancellation,9
T0281,2025-02-05,Live Agent,16.0,149,2.0,Ride Cancellation,13
T0282,2025-02-07,Live Agent,8.0,158,4.0,Account Access,12
T0283,2025-03-25,Live Agent,1.0,148,2.0,Payment Problem,11
T0284,2025-03-30,Live Agent,12.0,14,4.0,Payment Problem,14
T0285,2025-01-25,Live Agent,5.0,29,5.0,Lost Item,10
T0286,2025-01-18,Chatbot,3.0,178,4.0,App Crash,9
T0287,2025-03-23,Live Agent,1.0,55,5.0,App Crash,7
T0288,2025-03-07,Chatbot,4.0,21,4.0,Payment Problem,10
T0289,2025-02-23,Chatbot,8.0,79,3.0,App Crash,12
T0290,2025-02-04,Live Agent,3.0,26,3.0,Payment Problem,12
T0291,2025-03-21,Chatbot,10.0,124,4.0,Ride Cancellation,8
T0292,2025-03-02,Chatbot,2.0,156,4.0,Lost Item,12
T0293,2025-02-10,Chatbot,11.0,163,2.0,Driver Issue,5
T0294,2025-02-02,Chatbot,25.0,57,4.0,Lost Item,20
T0295,2025-03-09,Live Agent,10.0,117,4.0,Payment Problem,6
T0296,2025-02-02,Chatbot,21.0,61,4.0,Payment Problem,20
T0297,2025-01-14,Chatbot,14.0,105,4.0,Lost Item,11
T0298,2025-01-21,Chatbot,7.0,79,4.0,Account Access,11
T0299,2025-02-17,Live Agent,27.0,111,1.0,Payment Problem,11
T0300,2025-01-20,Live Agent,27.0,84,3.0,App Crash,8
T0301,2025-01-08,Chatbot,2.0,170,4.0,App Crash,15
T0302,2025-01-07,Chatbot,9.0,160,4.0,Payment Problem,8
T0303,2025-03-08,Chatbot,16.0,152,1.0,Payment Problem,10
T0304,2025-01-17,Live Agent,13.0,164,5.0,Account Access,16
T0305,2025-02-02,Live Agent,9.0,91,5.0,App Crash,20
T0306,2025-02-17,Chatbot,20.0,101,4.0,Payment Problem,11
T0307,2025-03-17,Chatbot,4.0,13,2.0,Payment Problem,9
T0308,2025-02-28,Chatbot,22.0,144,5.0,Account Access,12
T0309,2025-03-27,Live Agent,10.0,118,4.0,Account Access,15
T0310,2025-01-22,Chatbot,26.0,172,5.0,Lost Item,8
T0311,2025-01-30,Chatbot,26.0,57,5.0,Account Access,10
T0312,2025-02-07,Chatbot,22.0,82,5.0,Driver Issue,12
T0313,2025-02-20,Chatbot,12.0,81,4.0,App Crash,15
T0314,2025-02-23,Live Agent,17.0,125,2.0,Lost Item,12
T0315,2025-01-08,Chatbot,14.0,90,4.0,Driver Issue,15
T0316,2025-01-27,Live Agent,14.0,90,4.0,Payment Problem,11
T0317,2025-01-27,Live Agent,25.0,122,4.0,Payment Problem,11
T0318,2025-01-21,Chatbot,2.0,105,3.0,Lost Item,11
T0319,2025-01-30,Chatbot,21.0,81,3.0,Account Access,10
T0320,2025-01-28,Live Agent,25.0,156,5.0,Payment Problem,10
T0321,2025-03-05,Chatbot,20.0,72,4.0,Ride Cancellation,13
T0322,2025-03-10,Chatbot,11.0,47,5.0,Lost Item,13
T0323,2025-03-02,Live Agent,16.0,76,5.0,Driver Issue,12
T0324,2025-02-17,Chatbot,19.0,78,4.0,Lost Item,11
T0325,2025-01-19,Chatbot,23.0,22,4.0,App Crash,15
T0326,2025-01-04,Chatbot,6.0,40,5.0,Account Access,13
T0327,2025-02-04,Live Agent,24.0,123,4.0,Account Access,12
T0328,2025-03-05,Chatbot,19.0,31,4.0,Lost Item,13
T0329,2025-02-18,Chatbot,5.0,102,3.0,Payment Problem,10
T0330,2025-01-17,Chatbot,26.0,76,4.0,Payment Problem,16
T0331,2025-02-13,Chatbot,4.0,63,4.0,Ride Cancellation,12
T0332,2025-01-30,Chatbot,15.0,147,3.0,Ride Cancellation,10
T0333,2025-02-15,Chatbot,29.0,51,3.0,Account Access,7
T0334,2025-01-06,Chatbot,4.0,73,3.0,Ride Cancellation,12
T0335,2025-02-06,Chatbot,20.0,135,3.0,Driver Issue,8
T0336,2025-01-24,Chatbot,10.0,30,3.0,Ride Cancellation,17
T0337,2025-02-15,Chatbot,24.0,178,4.0,Driver Issue,7
T0338,2025-02-22,Chatbot,22.0,161,5.0,Ride Cancellation,12
T0339,2025-03-01,Chatbot,3.0,44,4.0,Account Access,13
T0340,2025-03-04,Live Agent,26.0,39,3.0,Account Access,14
T0341,2025-03-26,Chatbot,5.0,66,2.0,Driver Issue,8
T0342,2025-02-01,Chatbot,6.0,56,4.0,Lost Item,12
T0343,2025-03-28,Chatbot,21.0,172,4.0,Account Access,10
T0344,2025-02-02,Live Agent,22.0,28,5.0,Lost Item,20
T0345,2025-03-08,Live Agent,8.0,123,4.0,Payment Problem,10
T0346,2025-01-18,Chatbot,7.0,17,5.0,Driver Issue,9
T0347,2025-01-25,Chatbot,21.0,35,3.0,Account Access,10
T0348,2025-02-23,Live Agent,10.0,122,4.0,App Crash,12
T0349,2025-02-27,Chatbot,6.0,80,3.0,Payment Problem,15
T0350,2025-03-08,Chatbot,14.0,39,5.0,Lost Item,10
T0351,2025-02-15,Chatbot,4.0,144,4.0,Account Access,7
T0352,2025-01-24,Chatbot,28.0,76,3.0,Driver Issue,17
T0353,2025-02-01,Live Agent,25.0,74,3.0,Ride Cancellation,12
T0354,2025-02-16,Live Agent,13.0,45,3.0,App Crash,13
T0355,2025-03-27,Chatbot,20.0,34,4.0,Lost Item,15
T0356,2025-01-23,Chatbot,17.0,46,3.0,Payment Problem,14
T0357,2025-03-07,Live Agent,23.0,10,4.0,Driver Issue,10
T0358,2025-01-27,Live Agent,7.0,152,3.0,App Crash,11
T0359,2025-01-02,Live Agent,4.0,46,4.0,Driver Issue,15
T0360,2025-03-31,Live Agent,29.0,150,5.0,Account Access,21
T0361,2025-01-17,Live Agent,14.0,145,5.0,Ride Cancellation,16
T0362,2025-02-02,Live Agent,3.0,142,5.0,Payment Problem,20
T0363,2025-01-09,Chatbot,24.0,137,3.0,Driver Issue,13
T0364,2025-02-12,Chatbot,5.0,136,2.0,Lost Item,5
T0365,2025-02-17,Live Agent,16.0,10,4.0,Account Access,11
T0366,2025-02-08,Chatbot,26.0,173,4.0,Account Access,12
T0367,2025-02-11,Live Agent,23.0,44,4.0,Payment Problem,10
T0368,2025-01-26,Chatbot,20.0,113,1.0,Account Access,12
T0369,2025-02-19,Chatbot,4.0,32,3.0,Lost Item,11
T0370,2025-01-25,Chatbot,24.0,18,1.0,Driver Issue,10
T0371,2025-01-24,Chatbot,24.0,43,5.0,Payment Problem,17
T0372,2025-01-13,Live Agent,2.0,137,3.0,Account Access,11
T0373,2025-03-01,Live Agent,18.0,13,4.0,Account Access,13
T0374,2025-01-07,Live Agent,19.0,167,1.0,Lost Item,8
T0375,2025-02-26,Live Agent,28.0,111,4.0,Ride Cancellation,10
T0376,2025-02-05,Chatbot,28.0,84,3.0,Ride Cancellation,13
T0377,2025-02-14,Chatbot,19.0,108,5.0,Account Access,10
T0378,2025-01-20,Chatbot,17.0,81,5.0,Driver Issue,8
T0379,2025-03-06,Chatbot,14.0,12,3.0,Payment Problem,9
T0380,2025-01-08,Chatbot,19.0,151,5.0,Account Access,15
T0381,2025-01-16,Chatbot,22.0,43,5.0,App Crash,13
T0382,2025-01-14,Chatbot,24.0,54,5.0,Payment Problem,11
T0383,2025-03-17,Live Agent,13.0,70,5.0,Ride Cancellation,9
T0384,2025-03-28,Live Agent,12.0,92,3.0,Account Access,10
T0385,2025-01-15,Chatbot,26.0,132,4.0,Lost Item,11
T0386,2025-03-07,Live Agent,6.0,111,2.0,App Crash,10
T0387,2025-02-01,Live Agent,21.0,25,2.0,Account Access,12
T0388,2025-03-28,Chatbot,4.0,75,5.0,Driver Issue,10
T0389,2025-03-04,Live Agent,19.0,177,3.0,App Crash,14
T0390,2025-03-27,Live Agent,16.0,154,4.0,Account Access,15
T0391,2025-02-20,Chatbot,13.0,128,5.0,Driver Issue,15
T0392,2025-01-25,Chatbot,4.0,171,5.0,App Crash,10
T0393,2025-02-27,Chatbot,23.0,133,5.0,Driver Issue,15
T0394,2025-03-04,Chatbot,17.0,153,3.0,Driver Issue,14
T0395,2025-03-03,Chatbot,23.0,111,1.0,App Crash,23
T0396,2025-01-22,Live Agent,1.0,75,4.0,App Crash,8
T0397,2025-02-27,Chatbot,18.0,22,2.0,Driver Issue,15
T0398,2025-02-27,Chatbot,20.0,120,1.0,Ride Cancellation,15
T0399,2025-03-27,Live Agent,17.0,168,4.0,App Crash,15
T0400,2025-02-18,Live Agent,27.0,43,5.0,Account Access,10
T0401,2025-02-21,Chatbot,28.0,48,4.0,Payment Problem,13
T0402,2025-02-11,Chatbot,27.0,145,3.0,Lost Item,10
T0403,2025-03-11,Chatbot,15.0,129,4.0,Driver Issue,11
T0404,2025-01-15,Live Agent,11.0,135,3.0,Driver Issue,11
T0405,2025-02-23,Chatbot,25.0,64,1.0,Lost Item,12
T0406,2025-03-01,Chatbot,28.0,36,5.0,Ride Cancellation,13
T0407,2025-01-08,Live Agent,22.0,127,4.0,Lost Item,15
T0408,2025-02-22,Chatbot,13.0,62,5.0,App Crash,12
T0409,2025-03-01,Live Agent,1.0,48,1.0,Lost Item,13
T0410,2025-01-05,Live Agent,17.0,74,5.0,Driver Issue,13
T0411,2025-03-09,Chatbot,6.0,154,4.0,Lost Item,6
T0412,2025-01-06,Live Agent,4.0,167,4.0,Payment Problem,12
T0413,2025-02-16,Chatbot,20.0,22,4.0,Account Access,13
T0414,2025-02-24,Live Agent,16.0,30,5.0,App Crash,8
T0415,2025-02-09,Chatbot,15.0,156,4.0,Lost Item,9
T0416,2025-02-21,Live Agent,27.0,62,4.0,Driver Issue,13
T0417,2025-01-16,Chatbot,15.0,28,5.0,Account Access,13
T0418,2025-01-13,Live Agent,6.0,66,5.0,App Crash,11
T0419,2025-01-30,Live Agent,15.0,34,4.0,Driver Issue,10
T0420,2025-01-19,Chatbot,14.0,40,4.0,Ride Cancellation,15
T0421,2025-01-17,Live Agent,28.0,90,4.0,Payment Problem,16
T0422,2025-03-04,Chatbot,11.0,32,3.0,Ride Cancellation,14
T0423,2025-01-19,Chatbot,7.0,41,4.0,Payment Problem,15
T0424,2025-02-27,Chatbot,9.0,83,5.0,Lost Item,15
T0425,2025-02-24,Chatbot,26.0,19,5.0,App Crash,8
T0426,2025-03-31,Chatbot,16.0,63,3.0,Lost Item,21
T0427,2025-03-31,Live Agent,5.0,61,4.0,Payment Problem,21
T0428,2025-03-03,Chatbot,25.0,157,3.0,Payment Problem,23
T0429,2025-01-23,Live Agent,20.0,169,5.0,Payment Problem,14
T0430,2025-01-09,Chatbot,29.0,123,5.0,Account Access,13
T0431,2025-01-12,Live Agent,10.0,23,4.0,Driver Issue,14
T0432,2025-01-01,Live Agent,18.0,165,5.0,App Crash,18
T0433,2025-02-27,Chatbot,3.0,119,4.0,Lost Item,15
T0434,2025-01-01,Live Agent,13.0,62,4.0,Lost Item,18
T0435,2025-02-03,Chatbot,11.0,161,2.0,Ride Cancellation,11
T0436,2025-02-17,Live Agent,17.0,88,4.0,Payment Problem,11
T0437,2025-03-30,Chatbot,22.0,31,4.0,Payment Problem,14
T0438,2025-01-01,Live Agent,13.0,39,4.0,Payment Problem,18
T0439,2025-01-16,Chatbot,6.0,13,4.0,Lost Item,13
T0440,2025-03-02,Chatbot,17.0,68,5.0,Ride Cancellation,12
T0441,2025-03-05,Live Agent,27.0,17,3.0,Driver Issue,13
T0442,2025-03-04,Chatbot,13.0,21,4.0,Account Access,14
T0443,2025-03-10,Chatbot,19.0,128,4.0,App Crash,13
T0444,2025-01-22,Chatbot,21.0,168,4.0,Driver Issue,8
T0445,2025-03-08,Chatbot,19.0,43,4.0,Lost Item,10
T0446,2025-03-17,Chatbot,10.0,91,3.0,Account Access,9
T0447,2025-01-26,Chatbot,3.0,107,3.0,Account Access,12
T0448,2025-01-16,Chatbot,14.0,136,4.0,Account Access,13
T0449,2025-02-20,Chatbot,26.0,84,4.0,Payment Problem,15
T0450,2025-03-27,Live Agent,19.0,114,3.0,App Crash,15
T0451,2025-02-26,Chatbot,5.0,58,4.0,Lost Item,10
T0452,2025-01-29,Chatbot,29.0,88,4.0,Lost Item,8
T0453,2025-03-19,Chatbot,5.0,102,4.0,Account Access,9
T0454,2025-03-10,Chatbot,20.0,163,5.0,Lost Item,13
T0455,2025-02-16,Live Agent,17.0,27,3.0,App Crash,13
T0456,2025-03-03,Chatbot,21.0,105,1.0,App Crash,23
T0457,2025-03-10,Chatbot,10.0,47,5.0,Ride Cancellation,13
T0458,2025-03-17,Live Agent,5.0,96,4.0,Ride Cancellation,9
T0459,2025-01-16,Live Agent,4.0,97,4.0,Driver Issue,13
T0460,2025-03-31,Chatbot,6.0,59,5.0,App Crash,21
T0461,2025-03-31,Live Agent,26.0,17,5.0,App Crash,21
T0462,2025-02-17,Live Agent,4.0,178,5.0,App Crash,11
T0463,2025-03-26,Chatbot,7.0,143,4.0,Ride Cancellation,8
T0464,2025-02-08,Live Agent,7.0,78,4.0,Account Access,12
T0465,2025-02-02,Live Agent,18.0,130,4.0,Account Access,20
T0466,2025-01-23,Chatbot,3.0,73,3.0,Lost Item,14
T0467,2025-01-10,Chatbot,1.0,166,4.0,Account Access,8
T0468,2025-03-10,Chatbot,24.0,165,3.0,Payment Problem,13
T0469,2025-02-03,Live Agent,25.0,148,5.0,Ride Cancellation,11
T0470,2025-02-21,Live Agent,4.0,130,4.0,App Crash,13
T0471,2025-01-10,Live Agent,6.0,74,4.0,Account Access,8
T0472,2025-01-19,Chatbot,9.0,116,4.0,Ride Cancellation,15
T0473,2025-02-27,Live Agent,22.0,156,2.0,Account Access,15
T0474,2025-01-01,Chatbot,14.0,146,1.0,Driver Issue,18
T0475,2025-03-10,Chatbot,28.0,164,4.0,App Crash,13
T0476,2025-01-04,Chatbot,12.0,171,2.0,Driver Issue,13
T0477,2025-01-16,Live Agent,28.0,109,4.0,App Crash,13
T0478,2025-01-24,Chatbot,25.0,91,5.0,Ride Cancellation,17
T0479,2025-03-21,Live Agent,20.0,152,5.0,Lost Item,8
T0480,2025-01-02,Chatbot,24.0,60,4.0,Account Access,15
T0481,2025-02-01,Chatbot,25.0,150,3.0,Account Access,12
T0482,2025-03-25,Chatbot,4.0,92,5.0,Payment Problem,11
T0483,2025-01-24,Chatbot,21.0,121,5.0,Driver Issue,17
T0484,2025-01-12,Live Agent,24.0,65,3.0,Account Access,14
T0485,2025-02-19,Chatbot,12.0,174,4.0,Ride Cancellation,11
T0486,2025-02-04,Live Agent,10.0,154,3.0,Lost Item,12
T0487,2025-02-02,Chatbot,22.0,166,5.0,Ride Cancellation,20
T0488,2025-02-02,Live Agent,28.0,170,5.0,Driver Issue,20
T0489,2025-03-02,Chatbot,7.0,69,1.0,Payment Problem,12
T0490,2025-02-20,Live Agent,3.0,129,5.0,Account Access,15
T0491,2025-02-12,Live Agent,23.0,147,4.0,Ride Cancellation,5
T0492,2025-01-12,Chatbot,28.0,32,5.0,App Crash,14
T0493,2025-03-08,Chatbot,14.0,158,4.0,Lost Item,10
T0494,2025-03-06,Live Agent,24.0,22,5.0,Ride Cancellation,9
T0495,2025-02-02,Live Agent,10.0,110,2.0,Lost Item,20
T0496,2025-02-09,Chatbot,16.0,170,3.0,Account Access,9
T0497,2025-03-15,Live Agent,16.0,33,2.0,App Crash,10
T0498,2025-02-12,Live Agent,22.0,117,5.0,Payment Problem,5
T0499,2025-02-13,Live Agent,10.0,20,5.0,Payment Problem,12
T0500,2025-01-29,Live Agent,25.0,26,5.0,App Crash,8
T0501,2025-01-13,Live Agent,13.0,34,5.0,Lost Item,11
T0502,2025-01-12,Chatbot,6.0,103,2.0,Account Access,14
T0503,2025-02-15,Chatbot,12.0,30,4.0,Ride Cancellation,7
T0504,2025-01-02,Chatbot,9.0,93,2.0,App Crash,15
T0505,2025-02-04,Live Agent,13.0,149,3.0,Driver Issue,12
T0506,2025-03-28,Live Agent,4.0,46,3.0,Lost Item,10
T0507,2025-03-22,Chatbot,24.0,51,4.0,Payment Problem,7
T0508,2025-03-31,Live Agent,11.0,154,3.0,App Crash,21
T0509,2025-01-08,Live Agent,20.0,110,2.0,Payment Problem,15
T0510,2025-01-26,Chatbot,18.0,57,3.0,Lost Item,12
T0511,2025-03-15,Chatbot,26.0,112,2.0,Payment Problem,10
T0512,2025-03-31,Chatbot,11.0,37,5.0,App Crash,21
T0513,2025-02-03,Chatbot,25.0,50,5.0,Lost Item,11
T0514,2025-01-07,Chatbot,21.0,108,5.0,Driver Issue,8
T0515,2025-03-09,Chatbot,4.0,56,4.0,App Crash,6
T0516,2025-02-27,Chatbot,18.0,155,3.0,Ride Cancellation,15
T0517,2025-03-16,Chatbot,1.0,114,5.0,Account Access,17
T0518,2025-01-29,Chatbot,27.0,133,3.0,App Crash,8
T0519,2025-02-05,Chatbot,7.0,22,3.0,Lost Item,13
T0520,2025-03-30,Live Agent,6.0,150,3.0,Account Access,14
T0521,2025-01-21,Chatbot,15.0,109,2.0,App Crash,11
T0522,2025-02-05,Live Agent,18.0,40,3.0,Driver Issue,13
T0523,2025-01-10,Live Agent,24.0,139,4.0,Driver Issue,8
T0524,2025-03-14,Chatbot,11.0,25,4.0,Ride Cancellation,8
T0525,2025-01-24,Chatbot,20.0,146,2.0,Payment Problem,17
T0526,2025-03-05,Chatbot,24.0,82,3.0,Account Access,13
T0527,2025-02-18,Chatbot,15.0,175,5.0,Lost Item,10
T0528,2025-02-05,Live Agent,16.0,63,2.0,Lost Item,13
T0529,2025-03-23,Chatbot,7.0,109,3.0,Payment Problem,7
T0530,2025-01-24,Chatbot,21.0,118,5.0,Driver Issue,17
T0531,2025-01-23,Chatbot,10.0,96,3.0,Driver Issue,14
T0532,2025-03-03,Chatbot,26.0,171,2.0,App Crash,23
T0533,2025-02-06,Live Agent,12.0,146,4.0,Ride Cancellation,8
T0534,2025-01-12,Chatbot,24.0,17,3.0,Account Access,14
T0535,2025-02-24,Chatbot,14.0,16,4.0,Ride Cancellation,8
T0536,2025-01-13,Chatbot,25.0,45,5.0,Ride Cancellation,11
T0537,2025-01-23,Live Agent,5.0,27,2.0,App Crash,14
T0538,2025-03-30,Chatbot,26.0,12,4.0,Ride Cancellation,14
T0539,2025-01-30,Chatbot,21.0,37,4.0,Payment Problem,10
T0540,2025-01-17,Live Agent,18.0,79,2.0,App Crash,16
T0541,2025-03-03,Chatbot,5.0,158,4.0,Payment Problem,23
T0542,2025-03-25,Live Agent,3.0,37,3.0,App Crash,11
T0543,2025-03-30,Live Agent,23.0,63,4.0,Ride Cancellation,14
T0544,2025-03-27,Live Agent,26.0,74,2.0,Payment Problem,15
T0545,2025-01-13,Live Agent,5.0,109,4.0,Payment Problem,11
T0546,2025-02-28,Live Agent,24.0,30,3.0,Payment Problem,12
T0547,2025-01-19,Live Agent,17.0,22,5.0,App Crash,15
T0548,2025-02-18,Live Agent,19.0,66,2.0,Lost Item,10
T0549,2025-01-12,Live Agent,19.0,58,4.0,Ride Cancellation,14
T0550,2025-03-02,Chatbot,25.0,127,4.0,Payment Problem,12
T0551,2025-01-19,Chatbot,21.0,63,4.0,Account Access,15
T0552,2025-03-17,Chatbot,12.0,147,4.0,Lost Item,9
T0553,2025-01-09,Chatbot,25.0,62,4.0,Account Access,13
T0554,2025-03-12,Chatbot,29.0,53,5.0,Ride Cancellation,6
T0555,2025-01-28,Chatbot,9.0,56,5.0,Ride Cancellation,10
T0556,2025-03-19,Chatbot,1.0,62,3.0,Payment Problem,9
T0557,2025-02-21,Live Agent,18.0,83,4.0,Payment Problem,13
T0558,2025-03-24,Live Agent,21.0,55,5.0,App Crash,5
T0559,2025-01-16,Chatbot,4.0,22,5.0,Lost Item,13
T0560,2025-03-10,Chatbot,10.0,174,5.0,Lost Item,13
T0561,2025-01-12,Live Agent,25.0,111,4.0,Payment Problem,14
T0562,2025-01-25,Chatbot,7.0,33,3.0,Ride Cancellation,10
T0563,2025-02-21,Live Agent,22.0,11,4.0,Payment Problem,13
T0564,2025-03-26,Chatbot,23.0,90,4.0,Ride Cancellation,8
T0565,2025-02-22,Chatbot,1.0,109,4.0,Ride Cancellation,12
T0566,2025-01-23,Live Agent,17.0,151,4.0,Payment Problem,14
T0567,2025-01-16,Chatbot,24.0,147,5.0,Driver Issue,13
T0568,2025-02-26,Live Agent,29.0,172,4.0,Lost Item,10
T0569,2025-02-08,Live Agent,29.0,162,5.0,Account Access,12
T0570,2025-02-22,Chatbot,2.0,140,4.0,Ride Cancellation,12
T0571,2025-02-11,Live Agent,28.0,120,3.0,Ride Cancellation,10
T0572,2025-02-27,Live Agent,26.0,111,4.0,Driver Issue,15
T0573,2025-02-08,Chatbot,11.0,26,5.0,Account Access,12
T0574,2025-01-14,Live Agent,9.0,21,2.0,App Crash,11
T0575,2025-01-05,Chatbot,7.0,125,3.0,Driver Issue,13
T0576,2025-02-04,Live Agent,22.0,33,5.0,Account Access,12
T0577,2025-03-28,Live Agent,17.0,38,3.0,Driver Issue,10
T0578,2025-03-16,Chatbot,17.0,162,4.0,Ride Cancellation,17
T0579,2025-01-18,Live Agent,2.0,131,4.0,Lost Item,9
T0580,2025-03-17,Live Agent,6.0,99,4.0,Driver Issue,9
T0581,2025-01-09,Live Agent,14.0,74,4.0,App Crash,13
T0582,2025-03-15,Live Agent,6.0,93,3.0,Payment Problem,10
T0583,2025-02-27,Live Agent,2.0,128,4.0,Account Access,15
T0584,2025-01-17,Chatbot,1.0,165,4.0,Driver Issue,16
T0585,2025-01-07,Live Agent,10.0,25,4.0,Driver Issue,8
T0586,2025-02-15,Chatbot,21.0,113,2.0,App Crash,7
T0587,2025-01-13,Chatbot,5.0,101,4.0,Lost Item,11
T0588,2025-02-09,Live Agent,2.0,36,3.0,Driver Issue,9
T0589,2025-02-11,Chatbot,22.0,179,3.0,Driver Issue,10
T0590,2025-01-09,Chatbot,16.0,171,3.0,Lost Item,13
T0591,2025-02-19,Chatbot,25.0,174,3.0,App Crash,11
T0592,2025-01-27,Chatbot,2.0,143,5.0,Account Access,11
T0593,2025-03-07,Live Agent,10.0,144,3.0,Account Access,10
T0594,2025-01-05,Chatbot,2.0,162,5.0,Driver Issue,13
T0595,2025-01-29,Live Agent,16.0,42,5.0,Lost Item,8
T0596,2025-02-06,Chatbot,16.0,64,4.0,Driver Issue,8
T0597,2025-02-07,Live Agent,19.0,16,2.0,Payment Problem,12
T0598,2025-03-24,Chatbot,29.0,66,4.0,Account Access,5
T0599,2025-01-08,Chatbot,7.0,135,5.0,Ride Cancellation,15
T0600,2025-03-06,Live Agent,22.0,21,4.0,Payment Problem,9
T0601,2025-03-27,Live Agent,12.0,25,2.0,Driver Issue,15
T0602,2025-01-17,Chatbot,24.0,52,4.0,App Crash,16
T0603,2025-03-12,Chatbot,15.0,126,5.0,Account Access,6
T0604,2025-03-30,Chatbot,8.0,144,5.0,Ride Cancellation,14
T0605,2025-02-14,Chatbot,6.0,120,3.0,Payment Problem,10
T0606,2025-01-04,Live Agent,28.0,60,4.0,Account Access,13
T0607,2025-02-05,Chatbot,27.0,169,3.0,Lost Item,13
T0608,2025-03-11,Chatbot,10.0,84,3.0,App Crash,11
T0609,2025-01-31,Chatbot,3.0,17,5.0,Payment Problem,4
T0610,2025-01-19,Chatbot,19.0,54,3.0,Lost Item,15
T0611,2025-03-02,Chatbot,17.0,68,3.0,Driver Issue,12
T0612,2025-02-23,Chatbot,7.0,141,1.0,Lost Item,12
T0613,2025-02-08,Chatbot,21.0,113,5.0,Payment Problem,12
T0614,2025-03-15,Chatbot,20.0,166,5.0,Payment Problem,10
T0615,2025-03-31,Live Agent,26.0,166,4.0,Driver Issue,21
T0616,2025-01-19,Chatbot,4.0,107,5.0,Lost Item,15
T0617,2025-02-08,Live Agent,14.0,165,3.0,Lost Item,12
T0618,2025-03-08,Chatbot,20.0,88,4.0,Driver Issue,10
T0619,2025-02-14,Live Agent,22.0,133,4.0,Lost Item,10
T0620,2025-01-13,Live Agent,15.0,13,2.0,Account Access,11
T0621,2025-02-27,Live Agent,24.0,99,4.0,Driver Issue,15
T0622,2025-01-20,Live Agent,8.0,113,5.0,App Crash,8
T0623,2025-03-13,Chatbot,21.0,146,1.0,Payment Problem,9
T0624,2025-03-02,Chatbot,15.0,128,3.0,App Crash,12
T0625,2025-02-08,Chatbot,22.0,142,3.0,Account Access,12
T0626,2025-01-01,Chatbot,20.0,65,3.0,Account Access,18
T0627,2025-01-03,Chatbot,28.0,105,5.0,Ride Cancellation,14
T0628,2025-03-18,Chatbot,14.0,84,4.0,Ride Cancellation,8
T0629,2025-03-03,Live Agent,27.0,152,4.0,Ride Cancellation,23
T0630,2025-03-04,Chatbot,29.0,41,5.0,Driver Issue,14
T0631,2025-01-25,Live Agent,9.0,37,3.0,Lost Item,10
T0632,2025-02-25,Live Agent,8.0,31,4.0,Account Access,10
T0633,2025-02-02,Live Agent,26.0,26,4.0,App Crash,20
T0634,2025-02-07,Chatbot,28.0,68,4.0,App Crash,12
T0635,2025-01-06,Chatbot,26.0,99,5.0,App Crash,12
T0636,2025-02-27,Chatbot,17.0,115,5.0,App Crash,15
T0637,2025-02-13,Chatbot,2.0,35,4.0,Ride Cancellation,12
T0638,2025-02-14,Live Agent,25.0,34,5.0,App Crash,10
T0639,2025-02-01,Chatbot,24.0,147,3.0,Lost Item,12
T0640,2025-02-14,Live Agent,3.0,54,1.0,Ride Cancellation,10
T0641,2025-03-02,Chatbot,8.0,92,3.0,App Crash,12
T0642,2025-02-16,Live Agent,12.0,20,3.0,Driver Issue,13
T0643,2025-01-21,Live Agent,1.0,113,4.0,Payment Problem,11
T0644,2025-03-21,Chatbot,10.0,77,4.0,Payment Problem,8
T0645,2025-03-26,Chatbot,20.0,104,5.0,Payment Problem,8
T0646,2025-03-16,Chatbot,3.0,165,4.0,Ride Cancellation,17
T0647,2025-02-05,Chatbot,6.0,74,4.0,App Crash,13
T0648,2025-01-19,Chatbot,7.0,58,2.0,Account Access,15
T0649,2025-01-20,Chatbot,20.0,61,1.0,Account Access,8
T0650,2025-02-26,Chatbot,23.0,111,4.0,Account Access,10
T0651,2025-01-18,Chatbot,25.0,66,4.0,Ride Cancellation,9
T0652,2025-02-16,Chatbot,27.0,56,5.0,Lost Item,13
T0653,2025-02-18,Live Agent,18.0,168,3.0,Driver Issue,10
T0654,2025-01-14,Chatbot,11.0,35,1.0,Driver Issue,11
T0655,2025-01-15,Live Agent,19.0,123,4.0,Payment Problem,11
T0656,2025-01-31,Chatbot,5.0,14,3.0,Payment Problem,4
T0657,2025-01-01,Chatbot,19.0,93,1.0,Account Access,18
T0658,2025-02-23,Live Agent,11.0,61,4.0,Account Access,12
T0659,2025-01-03,Chatbot,24.0,114,2.0,Payment Problem,14
T0660,2025-01-16,Chatbot,12.0,63,4.0,App Crash,13
T0661,2025-03-28,Chatbot,10.0,170,3.0,Lost Item,10
T0662,2025-02-26,Chatbot,8.0,175,3.0,Lost Item,10
T0663,2025-03-16,Chatbot,24.0,164,4.0,Lost Item,17
T0664,2025-01-12,Chatbot,28.0,24,5.0,Lost Item,14
T0665,2025-03-15,Live Agent,28.0,70,4.0,Payment Problem,10
T0666,2025-01-16,Chatbot,9.0,131,5.0,Driver Issue,13
T0667,2025-03-13,Chatbot,4.0,30,2.0,Payment Problem,9
T0668,2025-03-17,Chatbot,5.0,55,5.0,Lost Item,9
T0669,2025-01-24,Live Agent,21.0,143,3.0,Payment Problem,17
T0670,2025-01-28,Chatbot,8.0,47,4.0,Lost Item,10
T0671,2025-01-08,Chatbot,23.0,71,4.0,Ride Cancellation,15
T0672,2025-02-05,Chatbot,9.0,95,5.0,Account Access,13
T0673,2025-03-31,Live Agent,15.0,87,4.0,Driver Issue,21
T0674,2025-01-08,Chatbot,15.0,55,2.0,Ride Cancellation,15
T0675,2025-02-27,Chatbot,16.0,150,1.0,App Crash,15
T0676,2025-03-01,Chatbot,14.0,12,5.0,Payment Problem,13
T0677,2025-02-19,Live Agent,8.0,15,4.0,App Crash,11
T0678,2025-01-28,Chatbot,18.0,102,5.0,Payment Problem,10
T0679,2025-02-10,Chatbot,10.0,17,3.0,Account Access,5
T0680,2025-03-05,Live Agent,28.0,117,3.0,Ride Cancellation,13
T0681,2025-01-27,Live Agent,20.0,170,1.0,Account Access,11
T0682,2025-03-04,Chatbot,6.0,84,5.0,Lost Item,14
T0683,2025-01-17,Live Agent,12.0,86,4.0,Account Access,16
T0684,2025-03-14,Chatbot,2.0,59,5.0,Account Access,8
T0685,2025-02-02,Chatbot,7.0,20,3.0,Lost Item,20
T0686,2025-03-25,Chatbot,16.0,104,4.0,Payment Problem,11
T0687,2025-03-18,Live Agent,3.0,165,4.0,Lost Item,8
T0688,2025-01-29,Chatbot,13.0,79,3.0,Ride Cancellation,8
T0689,2025-01-13,Chatbot,3.0,178,5.0,Account Access,11
T0690,2025-02-15,Chatbot,27.0,25,5.0,Lost Item,7
T0691,2025-02-04,Live Agent,18.0,77,5.0,Account Access,12
T0692,2025-01-06,Chatbot,11.0,108,4.0,Ride Cancellation,12
T0693,2025-03-23,Chatbot,8.0,57,3.0,App Crash,7
T0694,2025-03-10,Chatbot,6.0,73,3.0,Ride Cancellation,13
T0695,2025-02-16,Chatbot,1.0,99,5.0,Driver Issue,13
T0696,2025-01-25,Chatbot,28.0,85,1.0,Driver Issue,10
T0697,2025-03-07,Live Agent,1.0,148,4.0,Driver Issue,10
T0698,2025-01-10,Chatbot,23.0,110,4.0,Account Access,8
T0699,2025-02-25,Chatbot,8.0,98,4.0,Payment Problem,10
T0700,2025-01-30,Live Agent,5.0,27,5.0,Payment Problem,10
T0701,2025-01-05,Chatbot,28.0,28,3.0,Payment Problem,13
T0702,2025-02-02,Chatbot,16.0,64,3.0,Account Access,20
T0703,2025-03-06,Live Agent,11.0,111,2.0,Ride Cancellation,9
T0704,2025-01-18,Chatbot,5.0,127,4.0,Payment Problem,9
T0705,2025-02-18,Chatbot,4.0,163,3.0,App Crash,10
T0706,2025-01-11,Chatbot,6.0,143,3.0,Driver Issue,5
T0707,2025-03-26,Chatbot,14.0,13,5.0,Ride Cancellation,8
T0708,2025-01-26,Chatbot,22.0,117,5.0,Driver Issue,12
T0709,2025-03-04,Chatbot,19.0,124,3.0,Payment Problem,14
T0710,2025-03-30,Chatbot,9.0,38,4.0,Ride Cancellation,14
T0711,2025-03-27,Chatbot,12.0,68,5.0,Lost Item,15
T0712,2025-02-28,Live Agent,11.0,134,2.0,App Crash,12
T0713,2025-01-27,Live Agent,14.0,107,2.0,Payment Problem,11
T0714,2025-02-18,Chatbot,23.0,26,3.0,Payment Problem,10
T0715,2025-03-18,Chatbot,16.0,116,4.0,App Crash,8
T0716,2025-02-02,Live Agent,1.0,52,3.0,App Crash,20
T0717,2025-01-01,Chatbot,13.0,89,5.0,Lost Item,18
T0718,2025-01-21,Chatbot,23.0,171,4.0,Payment Problem,11
T0719,2025-02-24,Live Agent,21.0,17,4.0,Account Access,8
T0720,2025-01-06,Chatbot,21.0,150,3.0,Payment Problem,12
T0721,2025-03-22,Live Agent,13.0,115,4.0,Driver Issue,7
T0722,2025-03-10,Live Agent,2.0,17,4.0,Ride Cancellation,13
T0723,2025-01-05,Chatbot,4.0,105,5.0,Ride Cancellation,13
T0724,2025-01-03,Chatbot,28.0,103,5.0,Driver Issue,14
T0725,2025-02-22,Chatbot,6.0,74,4.0,Ride Cancellation,12
T0726,2025-01-23,Live Agent,26.0,48,5.0,App Crash,14
T0727,2025-02-22,Live Agent,27.0,90,5.0,Ride Cancellation,12
T0728,2025-02-06,Live Agent,23.0,93,5.0,Ride Cancellation,8
T0729,2025-03-15,Chatbot,27.0,97,2.0,Driver Issue,10
T0730,2025-03-15,Live Agent,5.0,95,1.0,Lost Item,10
T0731,2025-03-24,Live Agent,25.0,102,3.0,Ride Cancellation,5
T0732,2025-01-17,Live Agent,3.0,95,4.0,Account Access,16
T0733,2025-03-26,Live Agent,1.0,53,4.0,Ride Cancellation,8
T0734,2025-03-19,Live Agent,4.0,146,4.0,Lost Item,9
T0735,2025-03-14,Live Agent,25.0,174,5.0,Driver Issue,8
T0736,2025-01-01,Chatbot,20.0,83,5.0,Lost Item,18
T0737,2025-02-20,Chatbot,2.0,45,5.0,Driver Issue,15
T0738,2025-02-14,Chatbot,26.0,110,3.0,App Crash,10
T0739,2025-03-18,Live Agent,5.0,165,4.0,Driver Issue,8
T0740,2025-01-04,Chatbot,3.0,179,3.0,App Crash,13
T0741,2025-03-03,Live Agent,29.0,179,3.0,App Crash,23
T0742,2025-03-06,Live Agent,28.0,113,3.0,Driver Issue,9
T0743,2025-02-01,Live Agent,29.0,75,3.0,Account Access,12
T0744,2025-02-03,Chatbot,9.0,64,4.0,Payment Problem,11
T0745,2025-03-13,Chatbot,20.0,100,5.0,Driver Issue,9
T0746,2025-02-08,Chatbot,6.0,31,2.0,Ride Cancellation,12
T0747,2025-01-26,Live Agent,18.0,110,4.0,Account Access,12
T0748,2025-02-03,Live Agent,6.0,164,4.0,Account Access,11
T0749,2025-02-23,Live Agent,19.0,130,3.0,Ride Cancellation,12
T0750,2025-01-03,Chatbot,28.0,102,4.0,Payment Problem,14
T0751,2025-02-19,Live Agent,12.0,117,3.0,Account Access,11
T0752,2025-01-12,Live Agent,25.0,150,4.0,App Crash,14
T0753,2025-03-06,Chatbot,11.0,19,4.0,Payment Problem,9
T0754,2025-02-23,Live Agent,2.0,18,3.0,Ride Cancellation,12
T0755,2025-01-05,Chatbot,15.0,164,2.0,Payment Problem,13
T0756,2025-02-26,Chatbot,12.0,43,4.0,Driver Issue,10
T0757,2025-01-17,Live Agent,12.0,138,5.0,Payment Problem,16
T0758,2025-02-16,Chatbot,9.0,169,3.0,App Crash,13
T0759,2025-01-23,Live Agent,21.0,98,4.0,Driver Issue,14
T0760,2025-03-20,Live Agent,24.0,102,4.0,Lost Item,8
T0761,2025-03-26,Chatbot,2.0,80,5.0,Ride Cancellation,8
T0762,2025-01-14,Chatbot,22.0,76,5.0,Ride Cancellation,11
T0763,2025-03-07,Chatbot,3.0,157,4.0,Payment Problem,10
T0764,2025-03-16,Chatbot,12.0,126,4.0,Account Access,17
T0765,2025-02-20,Chatbot,28.0,103,5.0,Driver Issue,15
T0766,2025-02-07,Chatbot,26.0,172,4.0,Lost Item,12
T0767,2025-03-05,Chatbot,16.0,108,3.0,Driver Issue,13
T0768,2025-02-07,Chatbot,21.0,122,1.0,Ride Cancellation,12
T0769,2025-02-19,Chatbot,28.0,112,5.0,Driver Issue,11
T0770,2025-03-23,Live Agent,24.0,100,5.0,Lost Item,7
T0771,2025-01-30,Live Agent,26.0,99,2.0,Account Access,10
T0772,2025-03-20,Chatbot,1.0,26,4.0,Payment Problem,8
T0773,2025-02-20,Chatbot,21.0,27,4.0,App Crash,15
T0774,2025-03-04,Live Agent,3.0,125,2.0,Driver Issue,14
T0775,2025-02-21,Live Agent,20.0,102,5.0,App Crash,13
T0776,2025-02-07,Live Agent,2.0,100,3.0,Ride Cancellation,12
T0777,2025-03-29,Live Agent,9.0,91,2.0,Payment Problem,9
T0778,2025-03-20,Chatbot,19.0,77,4.0,Payment Problem,8
T0779,2025-01-30,Chatbot,15.0,123,4.0,Driver Issue,10
T0780,2025-02-20,Chatbot,18.0,10,1.0,Account Access,15
T0781,2025-03-22,Chatbot,26.0,67,4.0,Payment Problem,7
T0782,2025-01-05,Chatbot,11.0,163,4.0,Driver Issue,13
T0783,2025-01-29,Chatbot,25.0,118,2.0,Driver Issue,8
T0784,2025-01-04,Chatbot,23.0,157,3.0,App Crash,13
T0785,2025-01-10,Live Agent,16.0,125,4.0,Payment Problem,8
T0786,2025-02-25,Live Agent,22.0,96,3.0,Driver Issue,10
T0787,2025-01-17,Chatbot,17.0,19,5.0,App Crash,16
T0788,2025-03-15,Live Agent,5.0,68,5.0,Lost Item,10
T0789,2025-01-17,Chatbot,12.0,50,5.0,App Crash,16
T0790,2025-03-25,Live Agent,11.0,114,3.0,App Crash,11
T0791,2025-03-29,Chatbot,15.0,142,5.0,Driver Issue,9
T0792,2025-03-10,Live Agent,27.0,131,4.0,Ride Cancellation,13
T0793,2025-02-03,Live Agent,3.0,154,3.0,Ride Cancellation,11
T0794,2025-01-06,Chatbot,1.0,31,2.0,Account Access,12
T0795,2025-02-22,Chatbot,20.0,107,2.0,Ride Cancellation,12
T0796,2025-03-07,Chatbot,29.0,178,4.0,App Crash,10
T0797,2025-03-18,Chatbot,16.0,77,4.0,Account Access,8
T0798,2025-02-12,Chatbot,2.0,148,3.0,Driver Issue,5
T0799,2025-03-16,Live Agent,2.0,65,4.0,Payment Problem,17
T0800,2025-01-23,Chatbot,3.0,158,3.0,App Crash,14
T0801,2025-02-24,Live Agent,8.0,108,4.0,App Crash,8
T0802,2025-03-21,Live Agent,24.0,85,4.0,Account Access,8
T0803,2025-03-16,Chatbot,28.0,35,5.0,Driver Issue,17
T0804,2025-01-16,Chatbot,15.0,124,5.0,Lost Item,13
T0805,2025-01-08,Chatbot,7.0,156,4.0,App Crash,15
T0806,2025-01-04,Live Agent,6.0,118,4.0,Lost Item,13
T0807,2025-01-04,Chatbot,9.0,56,4.0,Lost Item,13
T0808,2025-02-25,Live Agent,20.0,80,5.0,Ride Cancellation,10
T0809,2025-01-25,Live Agent,28.0,163,3.0,Driver Issue,10
T0810,2025-03-08,Chatbot,1.0,49,3.0,Lost Item,10
T0811,2025-03-08,Chatbot,8.0,142,2.0,Driver Issue,10
T0812,2025-01-27,Live Agent,23.0,158,4.0,Ride Cancellation,11
T0813,2025-02-01,Live Agent,23.0,141,4.0,Driver Issue,12
T0814,2025-02-19,Chatbot,3.0,32,5.0,App Crash,11
T0815,2025-03-02,Chatbot,4.0,115,3.0,Lost Item,12
T0816,2025-02-20,Live Agent,26.0,93,4.0,Driver Issue,15
T0817,2025-01-19,Chatbot,25.0,152,5.0,Payment Problem,15
T0818,2025-01-21,Live Agent,15.0,125,5.0,Driver Issue,11
T0819,2025-01-05,Chatbot,6.0,118,4.0,Lost Item,13
T0820,2025-03-23,Chatbot,15.0,145,4.0,Ride Cancellation,7
T0821,2025-02-11,Live Agent,21.0,50,3.0,Ride Cancellation,10
T0822,2025-03-02,Chatbot,3.0,121,5.0,Lost Item,12
T0823,2025-01-22,Chatbot,25.0,156,2.0,App Crash,8
T0824,2025-01-21,Chatbot,21.0,121,5.0,App Crash,11
T0825,2025-03-11,Chatbot,21.0,112,4.0,Ride Cancellation,11
T0826,2025-01-01,Live Agent,14.0,55,4.0,Ride Cancellation,18
T0827,2025-01-05,Chatbot,20.0,165,1.0,Lost Item,13
T0828,2025-01-12,Chatbot,14.0,77,4.0,App Crash,14
T0829,2025-03-31,Live Agent,4.0,131,4.0,Ride Cancellation,21
T0830,2025-02-15,Live Agent,12.0,24,3.0,App Crash,7
T0831,2025-02-03,Chatbot,17.0,174,4.0,Ride Cancellation,11
T0832,2025-02-18,Chatbot,7.0,138,5.0,Driver Issue,10
T0833,2025-03-19,Live Agent,9.0,120,4.0,Payment Problem,9
T0834,2025-03-31,Live Agent,3.0,33,4.0,Account Access,21
T0835,2025-02-14,Chatbot,28.0,36,2.0,Driver Issue,10
T0836,2025-01-27,Chatbot,13.0,49,4.0,Account Access,11
T0837,2025-03-14,Chatbot,15.0,173,2.0,Ride Cancellation,8
T0838,2025-01-26,Live Agent,18.0,33,4.0,Payment Problem,12
T0839,2025-02-16,Live Agent,19.0,33,5.0,Payment Problem,13
T0840,2025-03-27,Live Agent,1.0,13,4.0,Ride Cancellation,15
T0841,2025-02-25,Live Agent,6.0,76,2.0,Ride Cancellation,10
T0842,2025-03-04,Live Agent,27.0,43,4.0,App Crash,14
T0843,2025-02-17,Chatbot,27.0,125,4.0,Ride Cancellation,11
T0844,2025-03-02,Chatbot,23.0,32,4.0,Lost Item,12
T0845,2025-03-22,Chatbot,27.0,118,5.0,Ride Cancellation,7
T0846,2025-01-26,Chatbot,27.0,78,5.0,Lost Item,12
T0847,2025-02-05,Live Agent,2.0,104,4.0,Ride Cancellation,13
T0848,2025-01-01,Chatbot,24.0,71,4.0,App Crash,18
T0849,2025-01-08,Chatbot,14.0,178,3.0,Lost Item,15
T0850,2025-02-21,Chatbot,6.0,66,2.0,Driver Issue,13
T0851,2025-03-20,Chatbot,14.0,63,4.0,Lost Item,8
T0852,2025-02-16,Chatbot,4.0,79,4.0,App Crash,13
T0853,2025-02-25,Chatbot,21.0,110,4.0,Account Access,10
T0854,2025-03-27,Live Agent,8.0,66,4.0,Lost Item,15
T0855,2025-01-14,Chatbot,3.0,147,2.0,Ride Cancellation,11
T0856,2025-03-31,Live Agent,19.0,177,4.0,Ride Cancellation,21
T0857,2025-01-28,Chatbot,14.0,144,3.0,Account Access,10
T0858,2025-03-28,Chatbot,27.0,112,3.0,App Crash,10
T0859,2025-03-19,Chatbot,20.0,175,5.0,Payment Problem,9
T0860,2025-03-29,Chatbot,17.0,94,1.0,Ride Cancellation,9
T0861,2025-01-02,Live Agent,25.0,70,4.0,Driver Issue,15
T0862,2025-01-26,Chatbot,8.0,12,3.0,App Crash,12
T0863,2025-01-14,Chatbot,24.0,137,5.0,Lost Item,11
T0864,2025-02-28,Live Agent,14.0,95,4.0,Lost Item,12
T0865,2025-02-25,Chatbot,26.0,56,3.0,Driver Issue,10
T0866,2025-01-07,Chatbot,6.0,85,4.0,Ride Cancellation,8
T0867,2025-01-03,Live Agent,23.0,47,4.0,App Crash,14
T0868,2025-01-23,Live Agent,22.0,173,5.0,Driver Issue,14
T0869,2025-01-18,Chatbot,16.0,178,3.0,Ride Cancellation,9
T0870,2025-02-07,Live Agent,25.0,150,5.0,App Crash,12
T0871,2025-01-15,Live Agent,19.0,96,5.0,Lost Item,11
T0872,2025-03-05,Chatbot,14.0,67,5.0,App Crash,13
T0873,2025-03-30,Live Agent,19.0,59,4.0,Account Access,14
T0874,2025-01-28,Chatbot,3.0,39,4.0,Payment Problem,10
T0875,2025-03-15,Chatbot,10.0,110,4.0,App Crash,10
T0876,2025-02-08,Chatbot,19.0,34,5.0,Payment Problem,12
T0877,2025-02-26,Chatbot,9.0,121,4.0,App Crash,10
T0878,2025-01-17,Live Agent,28.0,164,4.0,Payment Problem,16
T0879,2025-03-27,Chatbot,20.0,135,4.0,Account Access,15
T0880,2025-03-31,Live Agent,13.0,132,4.0,Lost Item,21
T0881,2025-02-13,Live Agent,7.0,56,5.0,Ride Cancellation,12
T0882,2025-01-25,Chatbot,14.0,127,2.0,Payment Problem,10
T0883,2025-01-17,Live Agent,9.0,48,5.0,Account Access,16
T0884,2025-01-13,Chatbot,27.0,25,4.0,Payment Problem,11
T0885,2025-03-25,Chatbot,28.0,31,5.0,Lost Item,11
T0886,2025-01-25,Live Agent,23.0,63,4.0,Payment Problem,10
T0887,2025-03-09,Chatbot,25.0,158,4.0,Account Access,6
T0888,2025-01-10,Chatbot,28.0,25,5.0,Account Access,8
T0889,2025-03-08,Chatbot,19.0,68,3.0,Driver Issue,10
T0890,2025-01-18,Chatbot,15.0,40,5.0,Lost Item,9
T0891,2025-03-27,Chatbot,20.0,179,4.0,Driver Issue,15
T0892,2025-02-03,Chatbot,14.0,41,4.0,Lost Item,11
T0893,2025-01-08,Live Agent,24.0,171,3.0,Payment Problem,15
T0894,2025-02-09,Chatbot,6.0,18,4.0,Account Access,9
T0895,2025-03-24,Chatbot,21.0,148,3.0,Driver Issue,5
T0896,2025-02-11,Chatbot,29.0,19,1.0,Payment Problem,10
T0897,2025-02-10,Chatbot,4.0,26,3.0,Account Access,5
T0898,2025-01-06,Live Agent,8.0,77,1.0,Lost Item,12
T0899,2025-02-21,Live Agent,17.0,57,5.0,Account Access,13
T0900,2025-01-26,Live Agent,9.0,120,5.0,Payment Problem,12
T0901,2025-03-05,Chatbot,1.0,162,4.0,Driver Issue,13
T0902,2025-02-28,Chatbot,24.0,132,4.0,Driver Issue,12
T0903,2025-02-25,Chatbot,20.0,158,3.0,Account Access,10
T0904,2025-02-28,Live Agent,25.0,110,4.0,Payment Problem,12
T0905,2025-03-11,Chatbot,14.0,111,5.0,App Crash,11
T0906,2025-02-02,Chatbot,11.0,74,5.0,Lost Item,20
T0907,2025-02-22,Live Agent,21.0,60,4.0,Lost Item,12
T0908,2025-01-22,Chatbot,3.0,45,5.0,Payment Problem,8
T0909,2025-01-21,Chatbot,9.0,90,3.0,App Crash,11
T0910,2025-03-11,Chatbot,27.0,136,5.0,Driver Issue,11
T0911,2025-03-11,Live Agent,14.0,97,1.0,Ride Cancellation,11
T0912,2025-01-04,Chatbot,9.0,113,4.0,Ride Cancellation,13
T0913,2025-03-16,Live Agent,4.0,24,4.0,Payment Problem,17
T0914,2025-03-03,Live Agent,27.0,105,4.0,App Crash,23
T0915,2025-03-03,Chatbot,4.0,176,2.0,App Crash,23
T0916,2025-01-24,Live Agent,28.0,132,5.0,Lost Item,17
T0917,2025-02-24,Chatbot,8.0,10,3.0,Driver Issue,8
T0918,2025-01-09,Chatbot,2.0,160,4.0,Account Access,13
T0919,2025-01-03,Live Agent,9.0,131,3.0,App Crash,14
T0920,2025-01-31,Live Agent,29.0,176,3.0,Account Access,4
T0921,2025-02-09,Live Agent,14.0,135,4.0,Ride Cancellation,9
T0922,2025-02-05,Chatbot,22.0,66,4.0,Account Access,13
T0923,2025-01-24,Chatbot,9.0,90,3.0,Driver Issue,17
T0924,2025-01-06,Chatbot,24.0,171,3.0,Driver Issue,12
T0925,2025-03-07,Chatbot,23.0,178,4.0,Account Access,10
T0926,2025-03-25,Chatbot,16.0,82,5.0,Payment Problem,11
T0927,2025-03-16,Chatbot,29.0,150,5.0,App Crash,17
T0928,2025-01-04,Chatbot,17.0,79,2.0,Payment Problem,13
T0929,2025-03-20,Chatbot,16.0,15,4.0,Account Access,8
T0930,2025-01-06,Chatbot,12.0,93,2.0,App Crash,12
T0931,2025-02-20,Chatbot,3.0,61,1.0,Lost Item,15
T0932,2025-03-03,Live Agent,11.0,12,4.0,Payment Problem,23
T0933,2025-02-26,Chatbot,14.0,90,4.0,Payment Problem,10
T0934,2025-03-07,Live Agent,18.0,72,3.0,Account Access,10
T0935,2025-03-20,Live Agent,21.0,58,3.0,Ride Cancellation,8
T0936,2025-03-16,Chatbot,21.0,85,1.0,Account Access,17
T0937,2025-01-08,Live Agent,5.0,121,5.0,Payment Problem,15
T0938,2025-01-26,Chatbot,16.0,118,5.0,App Crash,12
T0939,2025-02-20,Chatbot,20.0,74,2.0,Ride Cancellation,15
T0940,2025-02-14,Chatbot,5.0,90,3.0,Account Access,10
T0941,2025-02-13,Chatbot,3.0,24,5.0,Account Access,12
T0942,2025-01-05,Chatbot,12.0,109,5.0,Payment Problem,13
T0943,2025-03-11,Chatbot,1.0,41,4.0,Payment Problem,11
T0944,2025-01-26,Live Agent,21.0,105,2.0,Lost Item,12
T0945,2025-03-09,Live Agent,29.0,137,1.0,Account Access,6
T0946,2025-01-19,Chatbot,9.0,155,4.0,Payment Problem,15
T0947,2025-03-25,Live Agent,29.0,122,4.0,Driver Issue,11
T0948,2025-01-20,Chatbot,9.0,92,1.0,Ride Cancellation,8
T0949,2025-01-12,Chatbot,4.0,52,4.0,Driver Issue,14
T0950,2025-02-16,Live Agent,3.0,125,1.0,Ride Cancellation,13
T0951,2025-01-01,Chatbot,17.0,172,5.0,Account Access,18
T0952,2025-03-31,Chatbot,2.0,87,3.0,Lost Item,21
T0953,2025-01-14,Chatbot,24.0,67,1.0,Payment Problem,11
T0954,2025-03-05,Chatbot,1.0,42,4.0,Payment Problem,13
T0955,2025-02-07,Live Agent,8.0,23,4.0,Payment Problem,12
T0956,2025-02-06,Chatbot,13.0,171,5.0,Account Access,8
T0957,2025-01-11,Live Agent,23.0,141,4.0,Ride Cancellation,5
T0958,2025-03-18,Chatbot,15.0,68,3.0,Payment Problem,8
T0959,2025-01-03,Chatbot,8.0,166,4.0,Driver Issue,14
T0960,2025-02-02,Chatbot,12.0,92,3.0,Payment Problem,20
T0961,2025-01-06,Live Agent,22.0,143,5.0,Account Access,12
T0962,2025-02-19,Chatbot,12.0,130,4.0,Lost Item,11
T0963,2025-01-10,Live Agent,14.0,177,4.0,Driver Issue,8
T0964,2025-01-05,Live Agent,15.0,92,2.0,Payment Problem,13
T0965,2025-01-23,Chatbot,15.0,36,4.0,Payment Problem,14
T0966,2025-01-10,Live Agent,9.0,89,5.0,App Crash,8
T0967,2025-02-13,Live Agent,19.0,143,5.0,Ride Cancellation,12
T0968,2025-01-02,Live Agent,26.0,22,3.0,Driver Issue,15
T0969,2025-01-13,Chatbot,20.0,73,3.0,App Crash,11
T0970,2025-02-09,Chatbot,29.0,156,5.0,Lost Item,9
T0971,2025-01-02,Chatbot,22.0,89,5.0,Ride Cancellation,15
T0972,2025-03-25,Chatbot,8.0,132,2.0,Driver Issue,11
T0973,2025-03-06,Chatbot,21.0,52,4.0,Payment Problem,9
T0974,2025-03-04,Live Agent,19.0,98,3.0,Driver Issue,14
T0975,2025-03-14,Chatbot,6.0,157,5.0,Payment Problem,8
T0976,2025-01-17,Chatbot,20.0,104,2.0,Ride Cancellation,16
T0977,2025-01-09,Live Agent,25.0,160,3.0,Payment Problem,13
T0978,2025-03-16,Live Agent,29.0,11,5.0,Lost Item,17
T0979,2025-01-15,Chatbot,19.0,129,2.0,Account Access,11
T0980,2025-01-24,Live Agent,4.0,31,4.0,Payment Problem,17
T0981,2025-02-07,Chatbot,23.0,124,4.0,Lost Item,12
T0982,2025-02-04,Chatbot,7.0,66,3.0,Account Access,12
T0983,2025-02-18,Live Agent,28.0,81,4.0,Ride Cancellation,10
T0984,2025-03-10,Chatbot,28.0,16,4.0,Ride Cancellation,13
T0985,2025-03-03,Chatbot,4.0,128,3.0,Driver Issue,23
T0986,2025-03-01,Chatbot,22.0,123,4.0,Lost Item,13
T0987,2025-02-19,Chatbot,12.0,25,5.0,Lost Item,11
T0988,2025-03-19,Chatbot,13.0,92,5.0,App Crash,9
T0989,2025-03-16,Chatbot,3.0,81,3.0,App Crash,17
T0990,2025-01-09,Live Agent,22.0,133,2.0,Account Access,13
T0991,2025-02-03,Live Agent,12.0,122,3.0,Account Access,11
T0992,2025-03-17,Chatbot,2.0,21,4.0,App Crash,9
T0993,2025-02-04,Chatbot,24.0,135,4.0,Account Access,12
T0994,2025-01-01,Chatbot,2.0,62,4.0,Payment Problem,18
T0995,2025-02-09,Chatbot,27.0,84,2.0,App Crash,9
T0996,2025-03-05,Live Agent,23.0,142,1.0,Lost Item,13
T0997,2025-01-22,Chatbot,9.0,36,4.0,Payment Problem,8
T0998,2025-03-01,Chatbot,1.0,149,4.0,Account Access,13
T0999,2025-03-05,Live Agent,8.0,154,3.0,Ride Cancellation,13
T1000,2025-03-13,Live Agent,23.0,143,4.0,Driver Issue,9
